cba	Grievance Procedure	Gender Equality	Sexual Harrassment	Discrimination	Composite Equality
id	procedure	GE	SH	Discrim	total
ccnl-impiegati-amministrativi-agenzie-generali-di-generali-italia-s-p-a-2018-2020	1.0	1.89	5.0	1.0	2.35
collective-agreement-between-financial-business-and-services-employees-union-fbseu-of-ghana-federation-of-labour-gfl-and-intercom-programming-and-manufacturing-company-ipmc-limited	1.0	3.22	5.0	2.0	3.06
collective-agreement-between-adamus-resources-limited-nzema-operations-and-general-manufacturing-and-metal-workers-union-gmm-of-ghana-federation-of-labour-gfl-	1.0	2.78	5.0	2.0	2.93
collective-agreement-between-financial-business-and-services-employees-union-fbseu-of-ghana-federation-of-labour-gfl-and-cob-a-industries-limited	1.0	1.89	5.0	1.0	2.35
collective-agreement-between-satellite-trans-ltd-and-agrana-ghana-ltd-the-national-union-of-teamsters-and-general-workers-nuteg-of-ghana-federation-of-labour-gfl-	1.0	1.0	5.0	2.0	2.39
collective-agreement-between-polytex-industries-limited-and-the-industrial-and-commercial-workers-union-ghana-	1.0	2.33	1.0	1.0	1.27
collective-agreement-between-the-industrial-and-commercial-workers-union-i-c-u-of-ghana-and-the-crocodile-matchets-ghana-limited-	1.0	1.89	1.0	1.0	1.14
collective-agreement-between-golden-exotics-limited-general-agricultural-workers-union-of-ghana-trades-union-congress-gawu-of-tuc-	1.0	2.33	5.0	2.0	2.79
collective-agreement-between-hotel-investments-ghana-limited-and-the-union-of-industry-commerce-and-finance-workers	1.0	1.44	1.0	1.0	1.0
collective-agreement-between-agricare-limited-and-general-agricultural-workers-union-of-g-t-u-c	1.0	1.89	1.0	2.0	1.44
collective-agreement-between-qualiplast-limited-and-the-industrial-and-commercial-workers-union	1.0	1.89	1.0	1.0	1.14
collective-bargaining-agreement-between-neoplan-ghana-limited-and-the-industrial-and-commercial-workers-union-of-ghana	1.0	2.33	1.0	1.0	1.27
collective-bargaining-agreement-between-metro-mass-transit-limited-and-the-general-transport-petroleum-and-chemical-workers-union-of-ghana-tuc	1.0	2.33	1.0	1.0	1.27
collective-agreement-between-hpw-fresh-and-dry-ltd-and-union-of-education-agriculture-general-services-workers-u-n-e-a-g-e-s-of-g-f-l	1.0	1.89	1.0	1.0	1.14
collective-agreement-proposal-between-tag-investment-and-silver-platter-ltd-and-union-of-education-agriculture-general-services-workers-uneages-of-gfl	1.0	1.89	1.0	1.0	1.14
collective-bargaining-agreement-between-the-industrial-and-commercial-workers-union-icu---ghana-and-the-national-investment-bank-limited	1.0	1.0	1.0	2.0	1.17
collective-bargaining-agreement-between-new-times-corporation-and-industrial-and-commercial-workers-union	1.0	1.89	1.0	1.0	1.14
collective-agreement-between-japan-motors-trading-company-limited-silver-star-auto-ltd-modern-auto-services-yama-industries-oman-fofor-trading-company-limited-and-union-of-industry-commerce-finance-workers-pmsu-	1.8	2.33	5.0	2.0	3.03
collective-agreement-between-union-of-private-security-personnel-jpsp-and-g4s-ghana	1.8	2.33	5.0	1.0	2.73
collective-bargaining-agreement-between-ags-frasers-international-ghana-limited-and-maritime-and-dockworkers-union-mdu-of-the-tuc-of-ghana---2014	1.0	1.44	1.0	2.0	1.3
sample-collective-bargaining-agreement-created-by-wageindicator	1.8	1.44	5.0	3.0	3.07
collective-agreement-between-delmas-shipping-ghana-cma-cgm-group-limited-and-maritime-dockworkers-union-of-ghana-trades-union-congress-gtuc---2014	1.0	1.44	1.0	2.0	1.3
collective-agreement-between-dry-food-processing-ltd-and-the-national-union-of-teamsters-and-general-workers-nuteg-of-ghana-federation-of-labour-gfl---2014	1.0	1.44	5.0	2.0	2.52
convention-collective-des-mines-du-togo	1.0	1.44	1.0	3.0	1.61
convention-collective-des-entreprises-du-transport-routier-du-togo	1.0	1.0	1.0	2.0	1.17
convention-collective-de-la-zone-franche-du-togo	1.0	1.44	1.0	2.0	1.3
convention-collective-du-commerce	1.0	1.0	1.0	2.0	1.17
convention-collective-de-l-enseignement-confessionnel-au-togo	1.0	1.44	1.0	3.0	1.61
convention-collective-de-l-industrie-du-petrole-du-togo	1.0	1.44	1.0	3.0	1.61
convention-collective-sectorielle-des-entreprises-pharmaceutiques-du-togo-	1.0	1.0	1.0	2.0	1.17
convention-collective-des-entreprises-du-batiment-et-des-travaux-publics-du-togo	1.0	1.44	1.0	2.0	1.3
convention-collective-interprofessionnelle-du-togo	1.0	1.44	1.0	2.0	1.3
convention-collective-des-compagnies-d-assurances-du-togo	1.0	1.44	1.0	2.0	1.3
convention-collective-de-l-industrie-du-petrole-du-togo-2013-	1.0	1.0	1.0	2.0	1.17
convention-collective-des-banques-des-etablissements-financiers-et-des-assurances-du-togo	1.0	1.89	1.0	1.0	1.14
benin---convention-collective-generale-du-travail	1.0	1.44	1.0	2.0	1.3
cct-applicable-au-personnel-de-l-agence-nationale-de-l-aviation-civile-	1.0	1.0	1.0	2.0	1.17
convention-collective-du-travail-applicable-au-personnel-du-centre-national-hospitalier-universitaire-hubert-koutoukou-maga-cnhu-hkm-	1.0	1.44	1.0	2.0	1.3
convention-collective-nationale-manutention-portuaire	1.0	1.89	1.0	1.0	1.14
convention-collective-du-travail-de-la-poste-du-b-nin-sa	1.0	1.44	1.0	2.0	1.3
convention-collective-du-travail-de-la-societe-beninoise-d-energie-electrique-s-b-e-e-	1.0	1.44	1.0	2.0	1.3
convention-collective-du-travail-applicable-au-personnel-de-benin-telecoms-sa	1.0	1.0	1.0	2.0	1.17
la-convention-collective-applicable-au-personnel-de-la-presse-en-republique-du-benin	1.0	1.0	1.0	2.0	1.17
projet-de-loi-portant-statut-general-de-la-fonction-publique	1.0	1.44	5.0	3.0	2.82
convention-collective-de-travail-portant-reglement-general-et-statuts-du-personnel-du-centre-national-de-securite-routiere	1.0	1.0	1.0	3.0	1.47
convention-collective-du-travail-applicable-au-personnel-de-la-cnss	1.0	1.0	1.0	2.0	1.17
convention-collective-de-travail-applicable-au-personnel-de-la-centrale-d-achat-des-medicaments-essentiels-et-consommables-medicaux-came---2011	1.0	1.44	1.0	2.0	1.3
convention-collective-du-travail-du-sucrerie-de-complant-du-benin-s-a-	1.0	1.44	1.0	2.0	1.3
convention-collective-ostie---organisation-sanitaire-tananarivienne-inter-entreprise	1.0	1.44	1.0	1.0	1.0
air-madagascar-convention-collective-generale	1.0	1.44	1.0	1.0	1.0
convention-collective-du-corps-des-travailleurs-de-la-societe-de-manutention-des-marchandises-conventionnelles	1.0	1.44	1.0	1.0	1.0
convention-collective-de-la-jiro-sy-rano-eto-madagasikara-jirama-	1.0	1.44	1.0	1.0	1.0
convention-collective-floreal-madagascar	1.0	1.44	1.0	2.0	1.3
convention-collective-regissant-les-rapports-entre-l-ader-et-ses-employes	1.0	1.89	1.0	2.0	1.44
convention-d-entreprise-bank-of-africa-madagascar-	1.0	1.44	1.0	2.0	1.3
convention-collective-de-la-solitany-malagasy-solima---1995	1.0	1.44	1.0	2.0	1.3
convention-collective-des-banques-etablissements-financiers-du-niger	1.0	1.44	1.0	2.0	1.3
niger---convention-collective-interprofessionnelle	1.0	1.44	1.0	2.0	1.3
accord-d-entreprise-de-la-soci-t-d-exploitation-des-eaux-du-niger-seen-du-17-mai-2007-r-vis-le-12-aout-2015	1.0	1.89	1.0	1.0	1.14
convention-collective-professionnelle-des-transports-routiers	1.0	1.44	1.0	2.0	1.3
convention-collective-des-journalistes-et-techniciens-de-la-communication-sociale-du-senegal	1.0	1.89	1.0	2.0	1.44
convention-collective-federale-des-industries-de-la-mecanique-generale-de-l-aof	1.0	1.44	1.0	2.0	1.3
convention-collective-federale-des-auxiliaires-de-transports-de-l-aof	1.0	1.44	1.0	2.0	1.3
convention-collective-des-transports-aeriens-	1.0	1.44	1.0	2.0	1.3
convention-collective-nationale-des-industries-hotelieres-de-la-republique-du-senegal-	1.0	1.44	1.0	2.0	1.3
convention-collective-du-commerce-	1.0	1.44	1.0	2.0	1.3
convention-collective-nationale-interprofessionnelle-du-s-n-gal	1.0	1.44	1.0	2.0	1.3
convention-collective-des-industries-extractives-et-de-la-prospection-miniere-de-la-federation-du-mali	1.0	1.44	1.0	2.0	1.3
convention-collective-f-d-rale-de-l-industrie-textile-de-l-afrique-occidentale-fran-aise	1.0	1.44	1.0	2.0	1.3
convention-collective-federale-des-industries-chimiques-de-l-afrique-occidentale-francaise-1958	1.0	1.44	1.0	2.0	1.3
convention-collective-f-d-rale-de-l-industrie-des-corps-gras-de-l-afrique-occidentale-fran-aise---1958	1.0	1.44	1.0	2.0	1.3
convention-collective-federale-des-industries-alimentaires-1958	1.0	1.44	1.0	2.0	1.3
recognition-agreement-between-government-and-the-uganda-government-and-allied-workers-union	1.0	1.44	1.0	2.0	1.3
collective-bargaining-agreement-between-tropic-inn-hotel-limited-and-national-union-of-theatrical-domestic-and-general-workers	1.8	2.33	5.0	3.0	3.34
the-republic-of-uganda-collective-bargaining-agreement-between-fresh-handling-ltd-and-the-uganda-horticultural-and-allied-workers-union	1.8	1.89	5.0	1.0	2.59
the-republic-of-uganda-collective-bargaining-agreement-between-signatory-members-of-uganda-flower-exporters-association-and-uganda-horticultural-and-allied-workers-union-uhawu-	1.0	3.22	5.0	2.0	3.06
supplementary-agreement-between-tps-uganda-limited-uganda-hotels-food-tourism-and-allied-workers-union-	1.0	1.44	1.0	2.0	1.3
uganda-sample-cba-model-created-by-wageindicator-foundation	1.8	1.89	5.0	3.0	3.2
memorandum-of-agreement-on-terms-and-conditions-of-service-between-kaweri-coffee-plantation-limited-and-national-union-of-plantation-and-agricultural-workers-uganda-2016-2018	1.0	1.44	5.0	1.0	2.22
collective-bargaining-agreement-between-rene-industries-limited-and-uganda-chemical-and-petroleum-workers-union-ucpawu---2014	1.0	1.0	5.0	2.0	2.39
collective-bargaining-agreement-cba-between-signatory-members-of-uganda-flower-exporters-association-and-uganda-horticultural-and-allied-workers-union-uhawu---2010	1.8	1.89	5.0	2.0	2.9
collective-bargaining-agreement-between-laico-lake-victoria-hotel-entebbe-and-uganda-hotels-food-tourism-supermarkets-allied-workers-union-hts--union---2016	1.0	1.44	1.0	1.0	1.0
the-collective-bargaining-agreement-between-tpc-limited-and-tanzania-social-services-industry-workers-union-tasiwu-	1.8	1.0	1.0	2.0	1.41
collective-bargaining-agreement-cba-concluded-between-the-tea-association-of-tanzania-tat-and-the-tanzania-plantation-and-agricultural-workers-union-tpawu-	1.0	1.44	5.0	1.0	2.22
collective-bargaining-agreement-between-tanzania-mines-energy-costruction-and-allied-workers-union-tamico-and-tanzaniteone-mining-ltd	1.0	1.44	5.0	2.0	2.52
recognition-agreement-entered-between-strabarg-international-gmbh-the-employer-and-tanzania-mines-energy-construction-and-allied-workers-union-tamico-the-union-	1.0	1.89	5.0	1.0	2.35
collective-bargaining-agreement-between-east-african-elevator-company-limited-and-communication-and-transport-worker-s-union-of-tanzania	1.0	1.44	1.0	1.0	1.0
collective-bargaining-agreement-between-mofed-tanzania-company-limited-and-communication-and-transport-worker-s-union-of-tanzania	1.0	1.0	1.0	2.0	1.17
collective-agreement-between-kiliflora-limited-and-tanzania-plantation-and-agricultural-workers-union-tpawu---2015	1.0	1.89	1.0	1.0	1.14
sample-collective-bargaining-agreement-created-by-wageindicator-foundation--2016-	1.0	1.0	5.0	3.0	2.69
regulamentacao-colectiva-do-trabalho-greif	1.0	1.0	1.0	2.0	1.17
acordo-de-empresa-entre-empresa-mo-ambicana-de-seguros-sa-e-os-trabalhadores-ao-seu-servi-o	1.0	1.0	1.0	2.0	1.17
acordo-de-empresa-entre-sind-cato-nacional-dos-profissionais-de-estiva-e-of-cios-correlativos-sinpeoc-e-companhia-de-desenvolvimento-do-porto-de-maputo-mpdc---2015	1.0	1.89	1.0	1.0	1.14
acordo-de-empresa-ae-entre-empresa-mo-ambique-celular-mcel-sarl-e-os-trabalhadores-ao-servi-o-desta---2009	1.0	1.0	1.0	2.0	1.17
estrutura-do-acordo-colectivo-de-trabalho---matanusca-mozambique-lda---2016	1.0	1.44	1.0	1.0	1.0
collective-bargaining-agreement-between-water-boards-and-water-employees-trade-union-of-malawi---2014	1.0	1.44	1.0	2.0	1.3
memorandum-of-agreement-between-karen-country-club-and-kenya-union-of-domestic-hotels-educational-institutions-hospitals-and-allied-workers-	1.0	1.0	1.0	2.0	1.17
association-of-local-government-employers-and-kenya-local-government-workers-union-national-joint-negotiating-council-incorporating-all-local-authorities-in-kenya	1.0	1.0	1.0	2.0	1.17
memorandum-of-agreement-between-blue-post-hotel-and-the-kenya-hotels-and-allied-workers-union	1.0	1.0	1.0	2.0	1.17
memorandum-of-agreement-between-wide-garments-kenya-epz-limited-and-tailors-and-textile-workers-union---2013	1.0	1.0	5.0	1.0	2.08
memorandum-of-agreement-between-alltex-epz-limited-and-tailors-and-textiles-workers-union---2012	1.8	1.0	5.0	1.0	2.32
memorandum-of-agreement-between-epz-apparel-manufacturers-and-exporters-group-of-f-k-e-and-tailor-and-textile-worker-union---2014-	1.8	1.0	5.0	1.0	2.32
sample-cba-model-created-by-wageindicator-foundation-2016	3.4	2.33	5.0	2.0	3.52
memorandum-of-agreement-between-epz-apparel-manufacturers-and-exporters-group-of-f-k-e-and-tailor-and-textile-worker-union---2015	1.8	1.0	5.0	1.0	2.32
memorandum-of-agreement-between-kapric-apparels-epz-limited-and-tailors-and-textile-workers-union---2013	1.0	1.0	5.0	1.0	2.08
exemple-de-convention-collective-de-travail-cr-e-par-wageindicator-foundation--2016	1.8	1.44	5.0	1.0	2.46
labour-collective-convention-between-trade-unions-cotraf-cestrar-and-sorwathe-ltd-	1.0	1.44	1.0	1.0	1.0
sheraton-addis-hotel-collective-agreement---2011	1.0	1.44	5.0	2.0	2.52
10th-collective-agreement-between-ethiopian-airlines-enterprise-and-ethiopian-airlines-basic-trade-union	1.0	1.44	5.0	1.0	2.22
duggda-cut-flower-plantation-workers-and-employer-s-cba	1.0	1.44	1.0	1.0	1.0
woyira-transport-plc-workers-and-employer-s-cb	1.0	1.44	1.0	1.0	1.0
sample-collective-bargaining-agreement-created-by-wageindicator-foundation---2016	1.8	2.78	5.0	3.0	3.47
bkrobe	1.0	1.44	1.0	1.0	1.0
mahaver-industry	1.0	1.0	1.0	2.0	1.17
nazrath-garment	1.0	1.44	1.0	1.0	1.0
zong-eth-textile-factory-2018	1.0	1.89	1.0	2.0	1.44
-1-2003-377-96-	1.0	1.44	5.0	2.0	2.52
-15-	1.0	1.44	1.0	1.0	1.0
ma-garment-and-textile-plc	1.0	1.44	5.0	2.0	2.52
novaster-garment-2008	1.0	1.44	1.0	2.0	1.3
collective-bargaining-agreement-between-almeda-textile-plc-and-its-basic-trade-union-2014---2017	1.0	1.44	1.0	2.0	1.3
---bahir-dar-textile-share-company-	1.0	1.44	1.0	2.0	1.3
memorandum-of-collective-agreement-between-professional-life-assurance-limited-and-zambia-union-of-financial-institutions-and-allied-workers-zufiaw---2015	1.0	1.44	1.0	1.0	1.0
memorandum-of-collective-agreement-between-first-alliance-bank-z-limited-and-zambia-union-of-financial-institutions-and-allied-workers---2016	1.0	1.44	1.0	1.0	1.0
acordo-coletivo-de-trabalho-2012-2014-sindicato-dos-trabalhadores-em-empresas-de-telecomunicacoes-e-operadores-de-mesas-telefonicas-do-estado-do-parana-e-brasil-telecom-call-center	1.0	1.44	1.0	1.0	1.0
acordo-coletivo-de-trabalho-2013-2015-petr-leo-brasileiro-s-a---petrobras	1.0	1.89	1.0	3.0	1.74
acordo-coletivo-de-trabalho---sindicato-dos-trabalhadores-em-empresas-de-transportes-metrovi-rios-e-em-empresas-operadoras-de-ve-culos-leves-sobre-trilhos-no-estado-de-s-o-paulo---2013-2014	1.0	1.44	1.0	1.0	1.0
conven-o-coletiva-de-trabalho-2013-2014-sindicato-trabalho-ind-fiacao-e-tec-de-paulista-e-igarassu	1.8	1.0	1.0	2.0	1.41
conven-o-coletiva-de-trabalho-entre-sindicato-da-industria-de-calcados-de-novo-hamburgo-e-sindicato-dos-trabalhadores-de-calcado-de-novo-hamburgo---2014-2015	1.0	1.44	1.0	2.0	1.3
conven-o-coletiva-de-trabalho-entre-sind-dos-cultivadores-de-cana-de-acucar-no-estado-de-pe-e-federacao-trabalhadores-agricultura-estado-pernambuco---2014-2015	1.0	2.33	5.0	2.0	2.79
conven-o-coletiva-de-trabalho-entre-sindicato-dos-oficiais-alfaiates-costureiras-e-trabalhadores-nas-industrias-de-confeccao-de-roupas-e-de-chapeus-de-senhoras-de-sao-paulo-e-osasco---2014-2015	1.0	1.44	1.0	1.0	1.0
acordo-coletivo-de-trabalho-entre-servi-o-federal-de-processamento-de-dados-serpro-e-federa-o-nacional-dos-trabalhadores-de-empresas-de-processamento-de-dados-servi-os-de-inform-tica-e-similares-fenadado---2014-2015	1.0	1.89	5.0	2.0	2.66
conven-o-coletiva-de-trabalho-entre-sindicato-dos-trabalhadores-do-ramo-qu-mico-petroleiro-do-estado-da-bahia-e-sindicato-das-ind-strias-de-produtos-qu-micos-para-fins-industriais-petroqu-micas-e-de-resinas-sint-ticas-de-cama-ari-candeias-e-dias-d-vila---2013-2015	1.0	1.89	1.0	2.0	1.44
convenio-colectivo-de-trabajo	1.0	1.0	1.0	2.0	1.17
acta-final-de-convencion-colectiva-entre-yobel-scm-costume-jewerly-s-a-y-sindicato-de-trabajadores-de-yobel-scm-costume-jewerly-s-a	1.0	1.0	1.0	2.0	1.17
acta-de-acuerdo-entre-la-empresa-minera-yanacocha-s-r-l-y-el-sindicato-de-trabajadores-de-compa-a-minera-yanacocha--sitracomy	1.0	1.0	1.0	2.0	1.17
convenio-colectivo-entre-pluspetrol-s-a-y-la-asociacion-del-personal-jer-rquico-del-agua-y-la-energ-a-apjae-	1.0	1.0	1.0	2.0	1.17
acta-de-reuni-n-del-proceso-de-negociaci-n-entre-le-biblioteca-nacional-del-per-bnp-y-del-sindicato-unificado-de-trabajadores-de-la-biblioteca-nacional-del-per-sut-bnp-2015	1.0	1.89	5.0	2.0	2.66
convenci-n-colectiva-de-trabajo-entre-el-servicio-nacional-de-sanidad-agraria-senasa--y-el-sindicato-de-trabajadores-del-servicio-nacional-de-sanidad-agraria-2015	1.8	1.0	1.0	2.0	1.41
negociaci-n-colectiva-realizada-entre-el-sindicato-de-supervisores-y-personal-de-confianza-de-minera-barrick-misquichilca-s-a-y-la-empresa-minera-barrick-misquichilca-s-a-2014-2015	1.0	1.0	1.0	2.0	1.17
convenio-colectivo-entre-la-municipalidad-distrital-de-miraflores-y-el-sindicato-de-trabajadores-empleados-de-la-municipalidad-distrital-de-miraflores-sitraemun-2015	1.0	1.0	1.0	2.0	1.17
convenci-n-colectiva-de-trabajo-entre-la-municipalidad-de-san-carlos-y-el-sindicato-de-trabajadores-de-la-municipalidad-de-san-carlos-sitramusca-	1.0	1.0	5.0	1.0	2.08
convenci-n-colectiva-de-trabajo-de-la-corporacion-de-desarrollo-agricola-del-monte-s-a-	1.8	1.0	5.0	2.0	2.63
cuarta-convenci-n-colectiva-compa-a-bananera-atlantica--departamento-de-operaciones-portuarias-de-lim-n-	1.8	1.44	5.0	1.0	2.46
convenci-n-colectiva-de-trabajo-entre-nosotros-el-ingenio-taboga-sociedad-an-nima-y-el-sindicato-de-trabajadores-de-la-industria-de-la-ca-a-sintraica-	1.8	1.0	5.0	2.0	2.63
undecima-convencion-colectiva-de-trabajo-chiriqui-land-company---sitrachiri	1.8	1.0	5.0	2.0	2.63
convenci-n-colectiva-mep-sec-sitracome	1.0	1.44	5.0	2.0	2.52
convenci-n-colectiva-de-trabajo-municipalidad-del-cant-n-de-palmares	2.6	1.44	5.0	1.0	2.7
convenci-n-colectiva-de-trabajo-suscrita-entre-el-ministerio-de-educaci-n-p-blica-y-los-sindicatos-sindicato-de-trabajadoras-y-trabajadores-de-la-educaci-n-costarricense-sec-y-el-sindicato-de-trabajadores-de-comedores-escolares-y-afines-sitracome-	1.0	1.0	5.0	2.0	2.39
contrato-colectivo-entre-sindicato-de-trabajadores-y-trabajadoras-ministerio-de-hacienda---sitramha	1.8	2.33	1.0	3.0	2.12
contrato-colectivo-de-trabajo-instituto-nacional-de-pensiones-de-los-empleados-p-blicos	1.0	2.33	1.0	3.0	1.88
contrato-colectivo-de-trabajo-del-c-ntro-nacional-de-registros	1.0	1.0	1.0	3.0	1.47
contrato-colectivo-de-trabajo-entre-el-sindicato-de-trabajadores-del-ministerio-del-medio-ambiente-y-recursos-naturales-sitmarn-y-el-ministerio-del-medio-ambiente-y-recursos-naturales	1.0	1.44	1.0	3.0	1.61
contrato-colectivo-de-trabajo-entre-el-sindicato-de-trabajadores-del-ministerio-de-econom-a-sitme-y-el-ministerio-de-econom-a-minec	1.8	2.33	1.0	3.0	2.12
contrato-colectivo-de-trabajo-entre-el-ministerio-de-trabajo-y-previsi-n-social-y-el-sindicato-de-trabajadores-y-trabajadoras-del-ministerio-de-trabajo-y-previsi-n-social	2.6	2.33	5.0	3.0	3.58
contrato-colectivo-de-trabajo-celebrado-entre-ingenio-el-angel-s-a-de-c-v-y-el-sindicato-de-trabajadores-de-empresa-ingenio-el-angel-2011-2012	1.8	1.0	1.0	3.0	1.72
contrato-colectivo-de-trabajo-revisado-celebrado-y-suscrito-entre-instituto-salvadore-o-de-transformaci-n-agraria-ista-y-el-sindicato-de-empresa-trabajadores-del-instituto-salvadore-o-de-transformaci-n-agraria-setista-2011-2013	1.0	1.0	1.0	2.0	1.17
contrato-colectivo-de-trabajo-entre-la-sociedad-calvoconservas-el-salvador-s-a-de-c-v-y-el-sindicato-de-trabajadores-de-empresa-calvo-conservas-el-salvador-s-a-de-c-v-steccessacv-2010-2013	1.0	1.0	1.0	2.0	1.17
contrato-colectivo-de-trabajo-celebrado-entre-la-alcald-a-municipal-de-juayua-departamento-de-sonsonate-y-el-sindicato-de-trabajadores-de-la-alcald-a-municipal-de-juay-a-sitamj-2017-2019	1.0	1.44	1.0	3.0	1.61
contrato-colectivo-de-trabajo-celebrado-entre-el-instituto-salvadore-o-del-seguro-social-y-el-sindicato-de-trabajadores-del-instituto-salvadore-o-del-seguro-social	1.0	2.33	1.0	1.0	1.27
pacto-colectivo-de-condiciones-de-trabajo-suscrito-entre-el-sindicato-de-trabajadores-de-la-municipalidad-de-chiquimula-sitramunich-y-la-municipalidad-de-chiquimula-del-departamento-de-chiquimula-	1.0	1.0	1.0	2.0	1.17
pacto-colectivo-de-condiciones-de-trabajo-negociado-y-suscrito-por-el-sindicato-de-trabajadores-de-la-municipalidad-de-el-estor-del-departamento-de-izabal-sitrame-y-la-municipalidad-de-el-estor-del-departamento-de-izabal-	1.0	1.0	1.0	2.0	1.17
pacto-colecivo-de-condiciones-de-trabajo-suscrito-entre-el-sindicato-de-trabajadores-de-la-municipalidad-de-chichicastenango-quiche-y-la-municipalidad-de-santo-tomas-chichicastenango-departamento-de-el-quiche	1.0	1.0	1.0	2.0	1.17
pacto-colectivo-de-condiciones-de-trabajo-entre-el-sindicato-de-trabajadores-municipales-de-patulul-y-la-municipalidad-de-patulul-del-departamento-de-suchitepequez-	1.0	1.0	1.0	2.0	1.17
pacto-colectivo-de-condiciones-de-trabajo-entre-la-municipalidad-de-san-antonio-senah-del-departamento-de-alta-verapaz-y-los-trabajadores-de-la-municipalidad-de-san-antonio-senah-del-departamento-de-alta-verapaz	1.0	1.44	1.0	1.0	1.0
pacto-colectivo-de-condiciones-de-trabajo-suscrito-entre-la-municipalidad-de-morales-del-departamento-de-izabal-y-el-sindicato-de-trabajadores-de-la-municipalidad-de-morales-del-departamento-de-izabal-sitram	1.0	1.0	1.0	2.0	1.17
pacto-colectivo-de-condiciones-de-trabajo-suscrito-entre-la-municipalidad-de-la-villa-tactic-del-departamento-de-alta-verapaz-y-el-sindicato-de-trabajadores-de-la-municipalidad-de-tactic-del-departamento-de-alta-verapaz	1.0	1.0	1.0	2.0	1.17
pacto-colectivo-de-condiciones-de-trabajo-celebrado-entre-la-municipalidad-de-esquipulas-del-departamento-de-chiquimula-y-el-sindicato-de-trabajadores-de-la-municipalidad-de-esquipulas-del-departamento-de-chiquimula	1.0	1.0	1.0	2.0	1.17
conflicto-colectivo-022-1998-1-audiencia-de-conciliacion-tribunal-de-conciliacion-y-arbitraje-de-alta-verapaz-	1.0	1.0	1.0	3.0	1.47
pacto-colectivo-de-condiciones-de-trabajo-suscrito-entre-la-municipalidad-de-san-francisco-el-alto-del-departamento-de-totonicap-n-y-el-sindicato-de-trabajadores-de-la-municipalidad-de-san-francisco-el-alto-del-departamento-de-totonicap-n-	1.0	1.0	1.0	2.0	1.17
pacto-colectivo-de-condiciones-de-trabajo-industrias-alimenticias-kern-s-y-c-a-s-c-a-y-sindicato-de-trabajadores-de-industrias-alimenticias-kern-s-anexos-y-conexos	1.0	1.0	1.0	2.0	1.17
pacto-colectivo-de-condiciones-de-trabajo-suscrito-entre-la-municipalidad-de-santa-luc-a-cotzumalguapa-departamento-de-escuintla-y-el-sindicato-de-trabajadores-de-la-municipalidad-del-municipio-santa-luc-a-cotzumalguapa-del-departamento-de-escuintla_2013	1.0	1.44	1.0	2.0	1.3
pacto-colectivo-suscrito-entre-la-compa-a-bananera-guatemalteca-independiente-sociedad-an-nima-y-el-sindicato-de-trabajadores-de-la-empresa-taylor-presa-y-compa-a-limitada-2013-2016	1.0	1.0	1.0	2.0	1.17
modelo-de-pacto-colectivo-de-trabajo-creado-por-wageindicator-foundation-2016	1.0	1.0	1.0	3.0	1.47
pacto-colectivo-de-condiciones-de-trabajo-celebrado-entre-la-empresa-expansi-n-corporativa-milenium-sociedad-an-nima-y-el-sindicato-de-trabajadores-de-la-empresa-expansi-n-corporativa-milenium-sociedad-an-nima-2017-	1.8	1.44	1.0	2.0	1.55
pacto-colectivo-de-condiciones-de-trabajo-celebrado-entre-la-empresa-winners-sociedad-anonima-y-sitrawinsa-de-trabajadores-de-la-empresa-winners-sociedad-anonima-sitrawinsa-2016---2019	1.8	2.33	1.0	3.0	2.12
contrato-colectivo-de-condiciones-de-trabajo-entre-la-corporacion-municipal-de-tela-departamento-de-atlantida-y-el-sindicato-de-empleados-publicos-y-trabajadores-de-la-municipalidad-de-tela-	1.0	1.0	1.0	2.0	1.17
cuarto-contrato-colectivo-de-condiciones-de-trabajo-entre-la-empresa-minerales-de-occidente-s-a-y-el-sindicato-de-trabajadores-de-minerales-de-occidente-s-a-sitramino-	1.8	1.0	1.0	2.0	1.41
contrato-colectivo-de-condiciones-de-trabajo-celebrado-entre-la-empresa-mercantil-jerzees-buena-vista-s-de-r-l-y-el-sindicato-de-trabajadores-de-la-empresa-jerzees-buena-vista-s-de-r-l-sitrajerzeesbv-	1.8	1.0	1.0	2.0	1.41
contrato-colectivo-de-condiciones-de-trabajo-celebrado-entre-la-empresa-mercantil-jerzees-nuevo-d-a-s-de-r-l-y-el-sindicato-de-trabajadores-de-la-empresa-jerzees-nuevo-d-a-s-de-r-l-sitrajerzeesnd-	1.8	1.0	1.0	2.0	1.41
contrato-colectivo-de-condiciones-de-trabajo-celebrado-entre-la-empresa-mercantil-vfi-de-honduras-s-a-y-el-sindicato-de-trabajadores-de-la-empresa-vfi-de-honduras-s-a-sitravfi-	1.8	1.0	1.0	2.0	1.41
primer-memorial-respetuoso-de-condiciones-de-trabajo-negociado-entre-el-sindicato-de-empleados-y-trabajadores-de-cultura-artes-y-deportes-sitraecad-y-la-secretar-a-de-cultura-artes-y-deportes-scad-	1.8	1.0	1.0	2.0	1.41
septimo-contrato-colectivo-de-condiciones-de-trabajo-suscrito-entre-el-instituto-hondure-o-de-la-ni-ez-y-la-familia-ihnfa-y-el-sindicato-de-trabajadores-del-instituto-hondure-o-de-la-ni-ez-a-familia-sitraihnfa-	1.8	1.0	1.0	3.0	1.72
contrato-colectivo-de-trabajo-entre-la-municipalidad-de-choluteca-y-el-sindicato-de-trabajadores-de-la-municipalidad-de-choluteca-sitraemuch-2014-2016	1.0	1.0	1.0	2.0	1.17
contrato-colectivo-de-trabajo-entre-la-empresa-star-s-a-y-el-sindicato-de-trabajadores-sitrastar-2016-2017	1.8	1.0	1.0	2.0	1.41
contrato-colectivo-de-trabajo-entre-la-empresa-pinehurst-manufacturing-hnd-gmbh-y-el-sindicato-de-trabajadores-de-la-empresa-pinehurst-manufacturing-hnd-gmbh-sitrapinehurst-2015-2017	1.8	1.0	1.0	2.0	1.41
contrato-colectivo-de-trabajo-2016---2018	1.0	1.0	1.0	2.0	1.17
decima-segunda-convencion-colectiva-de-trabajo-celebrada-entre-empitalito-e-s-p-y-el-sindicato-de-trabajadores-oficiales-de-la-misma-para-la-vigencia-de-los-anos-2012-2013-2014-y-2015	1.0	1.89	1.0	1.0	1.14
convenci-n-colectiva-de-trabajo-entre-la-empresa-de-acueducto-y-alcantarillado-de-bogota--esp-eaab-esp-y-el-sindicato-de-trabajadores-y-empleados-de-servicios-p-blicos-corporaciones-aut-nomas-institutos-descentralizados-y-territoriales-de-colombia-sintraemsdes-2012---2014	1.0	1.0	1.0	2.0	1.17
kesepakatan-kerja-bersama-untuk-sheraton-media-hotel-and-towers	1.0	2.78	5.0	2.0	2.93
pt-ching-luh-indonesia	1.0	2.33	5.0	2.0	2.79
perjanjian-kerja-bersama-antara-pt-bank-nasional-indonesia-dengan-serikat-pekerja-pt-bank-nasional-indonesia	1.0	2.78	5.0	2.0	2.93
perjanjian-kerja-bersama-antara-pt-kemang-food-industries-dengan-pk-federasi-serikat-buruh-kamiparho-ksbsi-pt-kemang-food-industries	1.0	2.78	1.0	2.0	1.71
perjanjian-kerja-bersama-antara-manajemen-lumire-hotel-dan-convention-centre-dengan-pk-fsb-kamiparho-ksbsi-lumire-hotel-	1.0	2.78	5.0	2.0	2.93
perjanjian-kerja-bersama-antara-pt-indonesia-pondasi-raya-dengan-pk-fkui-ksbsi-pt-indonesia-pondasi-raya	1.0	1.0	1.0	2.0	1.17
perjanjian-kerja-bersama-antara-pt-misung-indonesia-dengan-serikat-pekerja-nasional-pt-misung-indonesia	1.0	2.78	1.0	2.0	1.71
perjanjian-kerja-bersama-antara-pt-jatim-autocomp-indonesia-dengan-puk-spamk-fspmi-pt-jatim-autocomp-indonesia	1.0	1.89	1.0	1.0	1.14
perjanjian-kerja-bersama-antara-pt-pudjiadi-and-sons-tbk-dengan-sp-the-jayakarta-jakarta-hotel-spa-sp-paras-indonesia	1.0	2.78	1.0	2.0	1.71
perjanjian-kerja-bersama-antara-pt-shangrahadhika-hotel-redtop-jakarta-dengan-sp-hotel-redtop-jakarta-sp-paras-indonesia	1.0	2.78	5.0	2.0	2.93
perjanjian-kerja-bersama-antara-pt-shimatama-graha-dengan-sp-shima-japanese-restaurant-spa-fsp-paras-indonesia	1.0	2.78	5.0	2.0	2.93
perjanjian-kerja-bersama-antara-pt-first-marine-seafoods-dengan-pk-fsb-kamiparho-ksbsi-pt-first-marine-seafoods-	1.0	2.78	5.0	1.0	2.62
perjanjian-kerja-bersama-antara-terminal-petikemas-koja-dengan-sp-tpk-koja	1.0	2.33	5.0	1.0	2.49
perjanjian-kerja-bersama-antara-pt-kaho-indah-citra-garment-dengan-spn-pt-kaho-indah-citra-garment-	1.0	2.33	1.0	2.0	1.57
perjanjian-kerja-bersama-antara-pt-medika-apparelindo-dengan-spn-pt-medika-apparelindo	1.0	2.33	1.0	2.0	1.57
perjanjian-kerja-bersama-antara-pt-akebono-brake-astra-indonesia-dengan-sp-lem-spsi-pt-aaij	1.0	2.78	1.0	2.0	1.71
perjanjian-kerja-bersama-antara-pt-alcarindo-prima-dengan-sp-lem-spsi-pt-alcarindo-prima-	1.0	2.33	5.0	2.0	2.79
perjanjian-kerja-bersama-antara-igp-group-dengan-sp-lem-spsi-igp-group-	1.0	2.33	1.0	2.0	1.57
perjanjian-kerja-bersama-antara-pt-indonesia-raya-dengan-spsi-unit-kerja-pabrik-lampu-indonesia-raya-	1.0	2.33	5.0	2.0	2.79
perjanjian-kerja-bersama-antara-pt-jict-dengan-serikat-pekerja-pt-jict	1.0	2.33	5.0	2.0	2.79
perjanjian-kerja-bersama-antara-pt-molax-internasional-dengan-serikat-pekerja-pt-molax-internasional	1.0	2.33	5.0	2.0	2.79
perjanjian-kerja-bersama-antara-pt-sunter-inti-megah-dengan-sp-lem-spsi-pt-sunter-inti-megah	1.0	1.89	1.0	2.0	1.44
perjanjian-kerja-bersama-antara-pt-multi-terminal-indonesia-dengan-sp-pt-multi-terminal-indonesia	1.0	2.33	1.0	2.0	1.57
perjanjian-kerja-bersama-antara-pt-brs-si-dengan-sblm-pt-brs-si	1.0	2.33	1.0	2.0	1.57
perjanjian-kerja-bersama-antara-pt-poli-contindo-nusa-dengan-sptp-poli-contindo-nusa	1.0	1.44	1.0	2.0	1.3
perjanjian-kerja-bersama-antara-pt-selamat-sempurna-tbk-dengan-spsi-unit-kerja-pt-selamat-sempurna-tbk-	1.0	2.33	1.0	2.0	1.57
perjanjian-kerja-bersama-antara-pt-nusa-halmahera-minerals-dengan-spsi-pt-nusa-halmahera-minerals	1.0	2.33	1.0	2.0	1.57
perjanjian-kerja-bersama-antara-pt-angkasa-raya-djambi-dengan-unit-kerja-pk-federasi-hukatan-sbsi	1.0	2.78	5.0	1.0	2.62
perjanjian-kerja-bersama-antara-pt-hok-tong-jambi-dengan-pk-sbsi-pt-hok-tong-jambi	1.0	2.78	1.0	1.0	1.41
perjanjian-kerja-bersama-antara-pt-gardatama-nusantara-dengan-pk-sbsi-pt-gardatama-nusantara	1.0	2.33	5.0	2.0	2.79
perjanjian-kerja-bersama-antara-pt-kaltim-prima-coal-dengan-korppra-sp-kep-dan-spk	1.0	1.44	1.0	2.0	1.3
perjanjian-kerja-bersama-antara-pt-tirta-varia-inti-pratama-dengan-fsb-hukatan-sbsi-pt-tirta-varia-inti-pratama	1.0	2.33	1.0	1.0	1.27
perjanjian-kerja-bersama-antara-pt-lontar-papyrus-pulp-paper-industry-lpppi-dengan-spd-pt-lpppi	1.0	2.33	1.0	2.0	1.57
perjanjian-kerja-bersama-antara-pt-vale-indonesia-tbk-dengan-fsp-kep-pt-vale-indonesia-tbk	1.0	1.89	1.0	2.0	1.44
perjanjian-kerja-bersama-antara-pt-wachyuni-mandira-dengan-puk-sp-pk-spsi-pt-wachyuni-mandira	1.0	2.78	1.0	2.0	1.71
perjanjian-kerja-bersama-antara-pt-pelangi-nusa-gemilang-dengan-pk-serikat-buruh-nikeuba-sbsi-	1.0	2.33	1.0	1.0	1.27
perjanjian-kerja-bersama-antara-pt-pp-london-sumatra-indonesia-tbk-wilayah-kalimantan-timur-dengan-dpc-f-hukatan-sbsi-kabupaten-kutai-barat	1.0	2.78	1.0	2.0	1.71
perjanjian-kerja-bersama-antara-cv-makmur-abadi-dengan-pk-serikat-buruh-nikeuba-sbsi-cv-makmur-abadi-sorong	1.0	2.33	1.0	1.0	1.27
perjanjian-kerja-bersama-antara-pt-rezeki-surya-inti-makmur-dengan-federasi-pertambangan-dan-energi-sbsi	1.0	2.33	1.0	2.0	1.57
perjanjian-kerja-bersama-antara-pt-sumatra-tobacco-trading-company-dengan-puk-fsp-rtmm-spsi-pk-f-kamiparho-sbsi-dan-sp-iptm-	1.0	2.78	1.0	1.0	1.41
perjanjian-kerja-bersama-antara-pt-tanito-harum-dengan-fpe-sbsi	1.0	2.78	1.0	1.0	1.41
perjanjian-kerja-bersama-antara-pt-djuanda-sawit-lestari-dengan-fpe-sbsi	1.0	2.78	1.0	3.0	2.01
perjanjian-kerja-bersama-antara-pt-gunungbayan-pratamacoal-dengan-sbsi-pt-gunung-bayan-pratamacoal	1.0	2.33	5.0	1.0	2.49
perjanjian-kerja-bersama-antara-pt-indonesia-stanley-electric-dengan-puk-spsi-pt-indonesia-stanley-electric	1.0	2.78	1.0	2.0	1.71
perjanjian-kerja-bersama-antara-pt-elang-perdana-tyre-industry-dengan-serikat-buruh-f---lomenik-sbsi-pt-elang-perdana-tyre-industry	1.0	2.33	1.0	1.0	1.27
perjanjian-kerja-bersama-antara-pt-kabelindo-murni-tbk-dengan-puk-fsp-lem-spsi-pt-kabelindo-murni-tbk	1.0	2.78	1.0	2.0	1.71
perjanjian-kerja-bersama-pt-bara-jaya-utama-dengan-pk-serikat-buruh-sejahtera-indonesia-teluk-bayur-kabupaten-berau	1.0	2.33	5.0	3.0	3.09
perjanjian-kerja-bersama-antara-pt-indonesia-wacoal-dengan-sp-garteks-dan-sp-lomenik-pt-indonesia-wacoal	1.0	2.33	1.0	1.0	1.27
perjanjian-kerja-bersama-perhimpunan-st-carolus-dengan-fsp-farkes-refomasi-puk-st-carolus-dan-sp-ikarkes-sc	1.0	2.33	1.0	2.0	1.57
perjanjian-kerja-bersama-antara-pt-wongso-pawiro-dengan-puk---sp---rtmm--fspsi-dan-pk---kamiparho---sbsi-dan-sp---iptm	1.0	2.78	1.0	1.0	1.41
perjanjian-kerja-bersama-antara-pt-basuki-pratama-engineering-dengan-puk-serikat-pekerja-lem-spsi-pt-basuki-pratama-engineering	1.0	2.78	1.0	2.0	1.71
perjanjian-kerja-bersama-antara-pt-century-batteries-indonesia-dengan-serikat-pekerja-kimia-energi-pertambangan-minyak-gas-bumi-dan-umum-pt-century-batteries-indonesia	1.0	2.78	1.0	2.0	1.71
perjanjian-kerja-bersama-antara-pt-buanagraha-arthaprima-dengan-ikajihd-unit-pt-buanagraha-arthaprima	1.0	2.78	1.0	2.0	1.71
perjanjian-kerja-bersama-antara-pt-pacific-removindo-dengan-serikat-pekerja-tingkat-perusahaan-pt-pacific-removindo	1.0	1.44	1.0	1.0	1.0
perjanjian-kerja-bersama-antara-pt-supernova-dengan-serikat-pekerja-pt-supernova	1.0	1.89	1.0	2.0	1.44
perjanjian-kerja-bersama-antara-cv-imco-dengan-pengurus-basis-gerakan-buruh-percetakan-penerbitan-periklanan-sarbumusi-cv-imco	1.0	2.33	1.0	1.0	1.27
perjanjian-kerja-bersama-antara-pt-wirakarya-sakti-dengan-serikat-pekerja-wiraswasta-dan-pk-federasi-serikat-buruh-hukatan	1.0	2.33	1.0	2.0	1.57
perjanjian-kerja-bersama-antara-pt-intibenua-perkasatama-dengan-pk-f-sb-kamiparho-sbsi-pt-intibenua-perkasatama	1.0	2.33	1.0	1.0	1.27
perjanjian-kerja-bersama-antara-pt-edico-utama-dengan-serikat-pekerja-seluruh-indonesia-unit-kerja-pt-edico-utama	1.0	2.33	5.0	2.0	2.79
perjanjian-kerja-bersama-antara-pt-daya-baru-agung-dengan-serikat-pekerja-tingkat-perusahaan-pt-daya-baru-agung	1.0	2.33	1.0	2.0	1.57
perjanjian-kerja-bersama-antara-pt-cocoa-ventures-indonesia-dengan-pk-sbsi-pt-cocoa-ventures-indonesia	1.0	2.33	1.0	1.0	1.27
perjanjian-kerja-bersama-wilmar-group-dumai-pelintung-dengan-anggota-sb-sp-wilmar-group-dumai-pelintung-dan-seluruh-buruh-pekerja-perusahaan-fsb-kamiparho-sbsi	1.0	2.33	5.0	1.0	2.49
perjanjian-kerja-bersama-antara-pt-dian-rakyat-dan-serikat-pekerja-seluruh-indonesia-unit-kerja-pt-dian-rakyat	1.0	2.33	1.0	2.0	1.57
perjanjian-kerja-bersama-antara-pt-indorasa-prima-abadi-dan-federasi-kamiparho-serikat-buruh-sejahtera-indonesia	1.0	1.89	1.0	2.0	1.44
perjanjian-kerja-bersama-antara-pt-sari-dumai-sejati-dengan-pk-fsb-kamiparho-ksbsi	1.0	2.78	1.0	2.0	1.71
perjanjian-kerja-bersama-antara-pt-toba-pulp-lestari-tbk-dengan-sppp-kspsi-dpk-sbi-pk-fsbsi-1992-pk-fsb-hukatan-sbsi-psp-spn-pt-toba-pulp-lestari-tbk	1.0	2.78	1.0	2.0	1.71
perjanjian-kerja-bersama-antara-pt-berlian-sistem-informasi-dengan-serikat-pekerja-unit-kerja-pt-berlian-sistem-informasi	1.0	1.89	5.0	2.0	2.66
perjanjian-kerja-bersama-antara-pt-bukit-baiduri-energi-dengan-fspkep-dan-sbsi	1.0	2.33	1.0	2.0	1.57
perjanjian-kerja-bersama-antara-pt-skf-indonesia-dengan-serikat-pekerja-automotif-mesin-dan-komponen-fspmi-pt-skf	1.0	2.33	5.0	2.0	2.79
perjanjian-kerja-bersama-antara-pt-axa-indonesia-dengan-pk-sbsi-nikeuba-pt-axa-indonesia	1.0	2.78	1.0	1.0	1.41
perjanjian-kerja-bersama-antara-pt-sarana-meditama-metropolitan-rs-omni-medical-center-dengan-sp-pt-sarana-meditama-metropolitan	1.0	2.33	1.0	2.0	1.57
perjanjian-kerja-bersama-antara-pt-asianagro-agungjaya-dengan-puk-rtmm-spsi-pt-asianagro-agung-jaya	1.0	2.33	5.0	1.0	2.49
perjanjian-kerja-bersama-antara-pt-osaga-mas-utama-dengan-psp-spn-pt-osaga-mas-utama	1.0	1.44	1.0	1.0	1.0
perjanjian-kerja-bersama-antara-pt-diametral-evolute-dengan-puk-sp-lem-fspsi-pt-diametral-involute	1.0	2.33	5.0	1.0	2.49
perjanjian-kerja-bersama-antara-pt-indonesia-acids-industry-dengan-spsi-unit-kerja-pt-indonesia-acids-industry	1.0	2.33	5.0	2.0	2.79
perjanjian-kerja-bersama-antara-pt-mandom-indonesia-tbk-dengan-puk-sp-kep-pt-mandom-indonesia-tbk	1.0	2.78	1.0	1.0	1.41
perjanjian-kerja-bersama-antara-perum-perhutani-dengan-serikat-karyawan-perum-perhutani	1.0	1.89	1.0	2.0	1.44
perjanjian-kerja-bersama-antara-pt-angkasa-pura-ii-dengan-serikat-pekerja-pt-angkasa-pura-ii	1.0	1.44	1.0	1.0	1.0
perjanjian-kerja-bersama-antara-pt-olympic-garment-international-dengan-federasi-serikat-buruh-indonesia-fsbi-	1.0	2.33	5.0	2.0	2.79
perjanjian-kerja-bersama-antara-pt-golden-castle-dengan-puk-serikat-pekerja-tekstil-sandang-dan-kulit-spsi	1.0	2.78	1.0	2.0	1.71
perjanjian-kerja-bersama-antara-pt-hua-sin-indonesia-dengan-pengurus-perwakilan-sbsi-1992-pt-hua-sin-indonesia	1.0	2.33	1.0	1.0	1.27
perjanjian-kerja-bersama-antara-pt-bayubahari-santosa-dengan-puk-sp-lem-spsi-pt-bayubahari-santosa	1.0	2.33	1.0	2.0	1.57
perjanjian-kerja-bersama-antara-pt-budi-muaratex-dengan-spn-pt-budi-muaratex	1.0	2.33	5.0	2.0	2.79
perjanjian-kerja-bersama-antara-pt-bank-lnternasional-indonesia-tbk-bii-dengan-serikat-karyawan-dan-nikeuba-sbsi-pt-bii	1.0	2.33	5.0	2.0	2.79
perjanjian-kerja-bersama-antara-pt-hisotex-dengan-spn-pt-hisotex	1.0	2.33	1.0	2.0	1.57
perjanjian-kerja-bersama-antara-pt-doosan-jaya-sukabumi-dengan-serikat-pekerja-nasional-2014---2016	1.0	2.33	5.0	3.0	3.09
perjanjian-kerja-bersama-antara-pt-universal-kharisma-garment-dengan-federasi-serikat-pekerja-seluruh-indonesia-2013---2015	1.0	1.44	5.0	1.0	2.22
perjanjian-kerja-bersama-antara-pt-doosan-sinar-sukabumi-dengan-sptp-pt-doosan-sinar-sukabumi-2014---2016	1.0	2.33	5.0	3.0	3.09
perjanjian-kerja-bersama-antara-pt-semarang-garment-dengan-puk-spsi-pt-semarang-garment-2015---2017	1.0	1.44	1.0	2.0	1.3
perjanjian-kerja-bersama-antara-pt-visionland-semarang-dengan-serikat-pekerja-spsi-2014---2016	1.0	1.89	1.0	2.0	1.44
perjanjian-kerja-bersama-antara-pt-poong-in-indonesia-dengan-serikat-pekerja-pt-poong-in-2014---2016	1.0	1.44	1.0	1.0	1.0
perjanjian-kerja-bersama-antara-pt-sai-apparel-industries-dengan-serikat-pekerja-nasional-2015-2017	1.0	1.44	1.0	2.0	1.3
perjanjian-kerja-bersama-antara-pt-leetex-garment-indonesia-dengan-spsi-pt-leetex-garment-indonesia-2012---2014	1.0	1.89	5.0	2.0	2.66
perjanjian-kerja-bersama-antara-pt-beesco-indonesia-dengan-serikat-pekerja-pt-beesco-indonesia-2015-2017	1.0	1.44	5.0	1.0	2.22
perjanjian-kerja-bersama-antara-pt-yongjin-javasuka-garment-dengan-serikat-pekerja-tekstil-sandang-kulit-sp-tsk-spsi-2012---2014	1.0	2.33	1.0	2.0	1.57
perjanjian-kerja-bersama-antara-pt-star-camtex-dengan-serikat-pekerja-nasional-spn-2013---2016	1.0	1.89	1.0	2.0	1.44
perjanjian-kerja-bersama-antara-pt-kaho-indah-citra-garment-dengan-spn-pt-kaho-indah-citra-garment-2014---2016	1.0	1.0	5.0	2.0	2.39
perjanjian-kerja-bersama-pkb-antara-pt-c-site-texpia-dengan-sbsi-garteks-dan-spai-fspmi-2015	1.0	1.44	1.0	2.0	1.3
perjanjian-kerja-bersama-antara-pt-taitat-putra-rejeki-dengan-serikat-pekerja-nasional-spn-pt-taitat-putra-rejeki-2012--2014	1.0	2.33	5.0	2.0	2.79
perjanjian-kerja-bersama-antara-pt-dream-sentosa-indonesia-dengan-serikat-pekerja-tingkat-perusahaan-sptp-dsi-2013---2014	1.0	1.44	5.0	2.0	2.52
perjanjian-kerja-bersama-antara-pt-master-wovelindo-label-dengan-serikat-pekerja-nasional-spn-2012---2014	1.0	2.78	1.0	2.0	1.71
perjanjian-kerja-bersama-antara-pt-kemang-food-industries-dengan-fsb-kamiparho-ksbsi-pt-kemang-food-industries-2016---2017	1.0	1.89	1.0	2.0	1.44
perjanjian-kerja-bersama-antara-pt-tuntex-garment-dengan-sptp-dan-kspsi-2013---2015	1.0	2.33	1.0	2.0	1.57
perjanjian-kerja-bersama-antara-pt-tun-yun-garment-dengan-pk-sbsi-1992---2012-2014	1.0	1.44	1.0	2.0	1.3
perjanjian-kerja-bersama-antara-pt-sri-rejeki-isman-tbk-dengan-sptsk---spsi-pt-sri-rejeki-isman-tbk---2014-2016	1.0	1.44	5.0	1.0	2.22
perjanjian-kerja-bersama-antara-pt-trigoldenstar-wicesa-dengan-sp-tsi-spsi-pt-trigoldenstar-wicesa---2012-2014	1.0	1.44	5.0	2.0	2.52
perjanjian-kerja-bersama-antara-pt-trimanunggal-komara-dengan-serikat-pekerja-nasional-spn-	1.0	1.44	1.0	2.0	1.3
perjanjian-kerja-bersama-antara-pt-shinwon-ebenezer-dengan-sp-tsi-spsi-pt-shinwon-ebenezer	1.0	1.89	5.0	2.0	2.66
perjanjian-kerja-bersama-antara-pt-sg-wicus-indonesia-dengan-sp-tsi-spsi-pt-sg-wicus-indonesia	1.0	2.33	1.0	2.0	1.57
perjanjian-kerja-bersama-antara-pt-sandang-mutiara-cemerlang-dengan-sp-tsi-spsi-pt-sandang-mutiara-cemerlang	1.0	1.44	1.0	2.0	1.3
perjanjian-kerja-bersama-antara-pt-greentex-indonesia-utama-ii-dengan-spm-giuii	1.0	1.0	5.0	2.0	2.39
perjanjian-kerja-bersama-antara-pt-notos-dengan-serikat-pekerja-tingkat-perusahaan-pt-notos-21---2015-2017	1.0	1.89	5.0	1.0	2.35
perjanjian-kerja-bersama-antara-pt-pertiwi-indomas-dengan-spn-unit-kerja-pt-pertiwi-indo-mas---2015-2017	1.0	1.44	1.0	2.0	1.3
perjanjian-kerja-bersama-antara-pt-lojitex-dengan-serikat-pekerja-nasional-dan-serikat-buruh-sejahtera-indonesia---2014-2015	1.0	1.44	1.0	2.0	1.3
perjanjian-kerja-bersama-antara-pt-spinmil-indah-industry-dengan-puk-spsi-dan-pk-garteks-sbsi-2014---2016	1.0	1.0	1.0	2.0	1.17
perjanjian-kerja-bersama-multi-perusahaan-antara-gabungan-pengusaha-perkebunan-jabar-banten-dengan-serikat-pekerja-pertanian-dan-perkebunan-serikat-pekerja-seluruh-indonesia-2015---2017	1.0	1.44	1.0	1.0	1.0
perjanjian-kerja-bersama-antara-pt-parigi-laju-sakti-dengan-pengurus-komisariat-serikat-buruh-sejahtera-indonesia---2015-2017	1.0	1.0	1.0	2.0	1.17
perjanjian-kerja-bersama-antara-pt-parkland-world-indonesia-2-dengan-psp-spn-dan-pk-fsbsi-pt-parkland-world-indonesia---2016-2018	1.0	1.44	5.0	2.0	2.52
perjanjian-kerja-bersama-multi-perusahaan-garmen-subang---2017	1.0	1.44	1.0	2.0	1.3
perjanjian-kerja-bersama-antara-pt-victory-ching-luh-dengan-pimpinan-unit-kerja-federasi---serikat-pekerja-tekstil-sandang-dan-kulit-serikat-pekerja-seluruh-indonesia-puk-f-sp-tsk-spsi-dan-pimpinan-tingkat-perusahaan-serikat-buruh-garment-tekstil-dan-sepatu-gabungan-serikat-buruh-indonesia-ptp-sbgts-gsbi-	1.0	1.44	5.0	2.0	2.52
perjanjian-kerja-bersama-antara-pt-ricky-putra-globalindo-tbk-dengan-serikat-pekerja-nasional-spn-dan-serikat-buruh-fsb-garteks---2016	1.0	1.44	1.0	2.0	1.3
perjanjian-kerja-bersama-antara-pt-harindotama-mandiri-dengan-sp-tsk-spsi-pt-harindotama-mandiri---2016-2018	1.0	1.44	1.0	2.0	1.3
perjanjian-kerja-bersama-antara-pt-spinmill-indah-industry-dengan-serikat-pekerja-seluruh-indonesia-spsi-pt-spinmill-indah-industry---2017-2019	1.0	1.0	1.0	2.0	1.17
perjanjian-kerja-bersama-antara-pt-formosa-bag-indonesia-dengan-serikat-pekerja-mandiri-pt-formosa-bag-indonesia-2017-2019	1.0	1.44	5.0	2.0	2.52
perjanjian-kerja-bersama-antara-pt-citra-abadi-sejati-dengan-pimpinan-serikat-pekerja-serikat-pekerja-nasional-spn-unit-kerja-pt-citra-abadi-sejati-bogor---2018-2020	1.0	1.44	5.0	3.0	2.82
perjanjian-kerja-bersama-pkb-antara-pihak-pengusaha-pt-dada-indonesia-dengan-pengurus-serikat-pekerja-pt-dada-indonesia---2016-2018	1.0	2.33	1.0	1.0	1.27
pt-bees-footwear-inc---2016	1.0	2.33	1.0	2.0	1.57
perjanjian-kerja-bersama-antara-pt-dong-a-decal-dengan-pengurus-komisariat-sbsi-1992-pt-dong-a-decal-2017-2019	1.0	1.44	1.0	2.0	1.3
perjanjian-kerja-bersama-antara-pt-viana-unggul-garmindo-dengan-serikat-pekerja-pk-f-hukatan-sbsi-pt-viana-unggul-garmindo-2018-2020	1.0	2.33	1.0	2.0	1.57
perjanjian-kerja-bersama-pkb-antara-pt-doosan-sinar-sukabumi-dengan-sptp-pt-doosan-sinar-sukabumi---2016-2018	1.0	2.33	5.0	2.0	2.79
perjanjian-kerja-bersama-antara-pt-hyun-dong-indonesia-dengan-serikat-pekerja-tekstil-sandang-dan-kulit-spsi-pt-hyun-dong-indonesia---2016-2018	1.0	2.33	1.0	2.0	1.57
perjanjian-kerja-bersama-antara-pt-c-site-texpia-dengan-serikat-pekerja-sbsi-garteks-dan-spai-fspmi-pt-c-site-texpia---2018-2020	1.0	1.44	1.0	2.0	1.3
perjanjian-kerja-bersama-antara-pt-buana-samudra-lestari-dengan-serikat-pekerja-spmbslk-pt-buana-samudra-lestari---2016-2018	1.0	2.33	1.0	1.0	1.27
perjanjian-kerja-bersama-antara-pt-gistex-garmen-indonesia-dengan-serikat-pekerja-seluruh-indonesia-dan-serikat-pekerja-nasional-pt-gistex-garmen-indonesia---2016-2018	1.0	1.44	1.0	3.0	1.61
pt-greentex-indonesia-utama-ii---2017-2019	1.0	2.78	5.0	3.0	3.23
perjanjian-kerja-bersama-pkb-antara-pengusaha-pt-dewhirst-dengan-konfederasi-serikat-pekerja-nasional-kspn-pt-dewhirst-dan-serikat-pekerja-dewirst-indonesia-spdi-pt-dewhirst-2016-2018	1.0	2.78	5.0	3.0	3.23
perjanjian-kerja-bersama-antara-puk-sptp-pt-doosan-jaya-sukabumi-dengan-manajemen-pt-doosan-jaya-sukabumi---2017-2019	1.0	2.33	5.0	3.0	3.09
perjanjian-kerja-bersama-pkb-pimpinan-perusahaan-pt-kiho-bali-korin-dengan-wakil-pekerja-pt-kiho-bali-korin-2016-2018	1.0	1.89	1.0	3.0	1.74
perjanjian-kerja-bersama-antara-pt-semarang-garment-dan-serikat-pekerja-tekstil-sandang-kulit-serikat-pekerja-seluruh-indonesia-pt-semarang-garment---2017-2019	1.0	1.44	1.0	2.0	1.3
perjanjian-kerja-bersama-antara-pt-sung-won-indonesia-dengan-serikat-pekerja-tekstil-sandang-dan-kulit-serikat-pekerja-seluruh-indonesia-sp-tsk---spsi-unit-kerja-pt-sung-won-indonesia---2018-2020	1.0	2.78	5.0	1.0	2.62
perjanjian-kerja-bersama-pt-lemoto-dengan-puk-serikat-pekerja-seluruh-indonesia-pt-lemoto-2018-2020	1.0	1.44	1.0	2.0	1.3
perjanjian-kerja-bersama-antara-manajemen-pt-kwanglim-yhi-dengan-serikat-pekerja-tingkat-perusahaan-pt-kwanglim-yhi---2018-2020	1.0	2.33	1.0	2.0	1.57
perjanjian-kerja-bersama-antara-pt-leading-garment-industries-dengan-gabungan-organisasi-buruh-seluruh-indonesia-pt-leading-garment-industries---2016-2018	1.0	2.33	1.0	2.0	1.57
perjanjian-kerja-bersama-antara-pt-notos-dengan-serikat-pekerja-tingkat-perusahaan-sptp-notos-21---2017-2019-	1.0	1.44	5.0	1.0	2.22
perjanjian-kerja-bersama-antara-pt-pan-rama-vista-garment-ind-ltd-dengan-serikat-pekerja-pt-pan-rama---2017-2019	1.0	1.89	1.0	1.0	1.14
perjanjian-kerja-bersama-pkb-antara-pt-citra-unggul-perkasa-garment-dengan-serikat-pekerja-pk-f-hukatan-ksbsi-pt-citra-unggul-perkasa-garment---2017-2019	1.0	2.33	1.0	2.0	1.57
perjanjian-kerja-bersama-antara-pt-sri-rejeki-isman-tbk-dengan-pengurus-unit-kerja-sptsk---spsi-pt-sri-rejeki-isman-tbk---2017-2019	1.0	2.78	5.0	1.0	2.62
perjanjian-kerja-bersama-antara-pt-pantjatunggal-knitting-mill-dengan-konfederasi-serikat-pekerja-nasional-pt-pantjatunggal-knitting-mill-periode-2014-2016-	1.0	1.44	5.0	2.0	2.52
perjanjian-kerja-bersama-antara-pt-sandang-asia-maju-abadi-dengan-ikatan-pekerja-sandang-pt-sandang-asia-maju-abadi-periode-2017-2019-	1.0	1.44	1.0	1.0	1.0
perjanjian-kerja-bersama-antara-pt-visionland-semarang-dengan-pimpinan-unit-kerja-sptsk-spsi-pt-visionland-periode-tahun-2017-2019-	1.0	1.44	1.0	2.0	1.3
perjanjian-kerja-bersama-pt-yongjin-javasuka-garment-factory-ii-unit-1-dan-2-dengan-serikat-pekerja-seluruh-indonesia---serikat-pekerja-sandang-tekstil-kulit-pt-yongjin-javasuka-garment-factory-ii-2018-2020-	1.0	1.44	1.0	2.0	1.3
perjanjian-kerja-bersama-antara-pt-eagle-glove-indonesia-dengan-serikat-pekerja-nasional-2016-2018-	1.0	2.33	1.0	3.0	1.88
perjanjian-kerja-bersama-antara-pt-tuntex-garmen-indonesia-cikupa-ii-dengan-serikat-pekerja-sptsk-spsi-pt-tuntex-garment-indonesia-cikupa-ii---2016-2018	1.0	2.33	1.0	2.0	1.57
perjanjian-kerja-bersama-antara-pt-golden-flower-dengan-serikat-pekerja-nasional-pt-golden-flower-2016-2018-	1.0	1.44	1.0	1.0	1.0
perjanjian-kerja-bersama-antara-pt-mulia-cemerlang-abadi-multi-industri-dengan-pimpinan-unit-kerja-serikat-pekerja-pt-mulia-cemerlang-abadi-multi-industri-2017-2019-	1.0	1.44	1.0	1.0	1.0
perjanjian-kerja-bersama-pt-holi-karya-sakti-periode-tahun-2017-	1.0	1.44	1.0	1.0	1.0
perjanjian-kerja-bersama-antara-pt-sai-apparel-industries-dengan-pengurus-unit-kerja-kesatuan-serikat-pekerja-nasional-puk-kspn-pt-sai-apparel-industries---periode-2017-2019	1.0	2.33	1.0	2.0	1.57
perjanjian-kerja-bersama-antara-pt-mataram-tunggal-garmen-dengan-serikat-pekerja-tekstil-sandang-dan-kulit-serikat-pekerja-seluruh-indonesia-puk-sp-tsk---spsi-pt-mataram-tunggal-garmen---2016-2018	1.0	1.44	1.0	1.0	1.0
perjanjian-kerja-bersama-antara-pt-sukwang-indonesia-dan-serikat-pekerja-seluruh-indonesia-spsi-pt-sukwang-indonesia---2012-2014	1.0	2.33	1.0	1.0	1.27
peraturan-perusahaan-pt-fotexco-busana-internasional---bogor---2015-2017	1.0	1.44	1.0	2.0	1.3
perjanjian-kerja-bersama-antara-pt-ungaran-sari-garments-pringapus-diponegoro-congol-dengan-serikat-pekerja-nasional-pt-ungaran-sari-garments-2016-2018-	1.0	1.44	1.0	1.0	1.0
perjanjian-kerja-bersama-pkb-antara-pt-il-jin-sun-garment-dengan-sptsk-spsi-pt-il-jin-sun-garment---2017-2019	1.0	2.33	5.0	2.0	2.79
perjanjian-kerja-bersama-antara-pt-taitat-putra-rejeki-dengan-serikat-pekerja-nasional-pt-taitat-putra-rejeki---2017-2019	1.0	2.33	1.0	2.0	1.57
perjanjian-kerja-bersama-pkb-antara-pt-citra-abadi-sejati-cileungsi-dengan-pimpinan-serikat-pekerja-serikat-pekerja-nasional-psp-spn-unit-kerja-pt-citra-abadi-sejati-cileungsi---2018-2020	1.0	1.44	5.0	2.0	2.52
perjanjian-kerja-bersama-antara-pt-trigoldenstar-wisesa-dengan-serikat-pekerja-tsk-spsi-pt-trigoldenstar-wisesa-2015-2017-	1.0	1.89	5.0	2.0	2.66
perjanjian-kerja-bersama-antara-pt-teodore-pan-garmindo-dengan-ikatan-keluarga-karyawan-teodore-dan-pk-sbsi-1992-pt-teodore-pan-garmindo---periode-2017-2019	1.0	1.89	5.0	2.0	2.66
perjanjian-kerja-bersama-antara-pt-leetex-garment-indonesia-dengan-federasi-serikat-pekerja-tekstil-sandang-dan-kulit-konfederasi-serikat-pekerja-seluruh-indonesia-f-sp-tsk-kspsi-pt-leetex-garment-indonesia---2017-2019	1.0	1.44	5.0	2.0	2.52
perjanjian-kerja-bersama-antara-pt-win-textile-dengan-serikat-pekerja-tekstil-sandang-dan-kulit-serikat-pekerja-seluruh-indonesia-sp-tsk-spsi-pt-win-textile---2015-2017	1.0	2.33	1.0	2.0	1.57
perjanjian-kerja-bersama-antara-pt-sepatu-bata-dengan-puk-spai-fspmi-pt-sepatu-bata-tbk-dan-puk-sp-tsk-spsi-pt-sepatu-bata-tbk---2015-2017	1.0	1.44	1.0	1.0	1.0
perjanjian-kerja-bersama-antara-pt-quty-karunia-dengan-serikat-pekerja-tekstil-sandang-dan-kulit-serikat-pekerja-seluruh-indonesia-sp-tsk-spsi-pt-quty-karunia---2017-2019	1.0	2.33	1.0	1.0	1.27
perjanjian-kerja-bersama-antara-pt-yc-tec-indonesia-dengan-sp-tsk-spsi-dan-psp-sp--spn-pt-yc-tec-indonesia---2018-2020	1.0	1.44	5.0	1.0	2.22
perjanjian-kerja-bersama-antara-pt-pabrik-cambrics-primissima-dan-serikat-pekerja-tekstil-sandang-dan-kulit-fspsi-unit-kerja-pt-primissima---2018-2020	1.0	1.89	1.0	2.0	1.44
perjanjian-kerja-bersama-antara-pengusaha-pt-forta-larese-dan-serikat-pekerja-nasional-pt-forta-larese---2018-2020	1.0	1.44	5.0	2.0	2.52
th-a-c-lao-ng-t-p-th-ng-nh-d-t-may-vi-t-nam	1.0	1.0	1.0	2.0	1.17
th-a-c-lao-ng-t-p-th-t-p-o-n-c-ng-nghi-p-cao-su-vi-t-nam	1.0	1.0	1.0	2.0	1.17
collective-agreement-cambodiana	1.0	1.0	5.0	2.0	2.39
memorandum-of-settlement-between-feroze1888-mills-limited-and-feroze1888-mazdoor-dost-union---2012	1.0	1.44	1.0	1.0	1.0
leonardo_2012	1.0	1.89	1.0	1.0	1.14
zywiec_2010	1.0	1.89	1.0	1.0	1.14
m-v--start-zrt_2018	1.0	1.89	1.0	1.0	1.14
convenio-de-comercio-textil-para-la-provincia-de-alicante-2014-2016	1.0	1.89	5.0	3.0	2.96
convenio-colectivo-estatal-de-grandes-almacenes-entre-la-asociaci-n-nacional-de-grandes-empresas-de-distribuci-n-anged-y-los-sindicatos-fasga-y-fetico	1.8	1.89	5.0	2.0	2.9
convenio-colectivo-entre-las-empresas-del-grupo-vips-y-las-organizaciones-sindicales-cc-oo-fetico-y-ugt-2015-2018-	3.4	1.44	5.0	2.0	3.25
convenio-colectivo-de-mbito-provincial-para-el-comercio-en-general-excepto-comercio-de-ganader-a-y-comercio-metal-de-palencia-2015-2017	1.8	1.0	5.0	2.0	2.63
convenio-colectivo-estatal-del-comercio-minorista-de-droguer-as-herborister-as-y-perfumer-as-2012-2016_1	1.8	2.78	5.0	3.0	3.47
convenio-colectivo-entre-mercadona-s-a-forns-valencians-forva-s-a-unipersonal-mena-supermercados-s-l-saskibe-s-l-y-de-otra-parte-por-las-sindicatos-m-s-representativos-u-g-t-y-cc-oo	1.0	4.11	5.0	3.0	3.64
convenio-colectivo-entre-lidl-supermercados-sau-y-de-otra-parte-por-los-sindicatos-m-s-representativos-smc-ugt-y-federaci-n-de-servicios-de-ccoo	1.8	1.44	5.0	1.0	2.46
convenio-colectivo-medianas-superficies-alimentacio-n-de-castilla-y-leo-n-2015-2019	1.0	1.89	5.0	2.0	2.66
modelo-de-contrato-colectivo-para-la-tutela-de-los-derechos-de-las-trabajadoras-y-de-la-igualdad-de-g-nero-2016	1.0	2.78	1.0	3.0	2.01
v-acuerdo-laboral-de-mbito-estatal-para-el-sector-de-hosteler-a-2015-2019-con-acta-de-acuerdos-de-la-comision-negociadora-del-v-acuerdo-laboral-de-mbito-estatal-para-el-sector-de-hosteler-a-aleh-v-2019-2010	1.0	3.67	5.0	3.0	3.5
acuerdo-mundial-entre-codere-y-uni-global-union-para-el-respeto-y-la-promoci-n-del-trabajo-digno-y-los-derechos-laborales-2013---2015	1.0	1.44	5.0	3.0	2.82
acuerdo-marco-global-entre-industria-de-dise-o-textil-s-a-inditex-s-a-e-industriall-global-union-2014---2015	1.0	1.44	1.0	2.0	1.3
acuerdo-mundial-entre-inditex-industria-de-dise-o-textil-s-a-y-uni-global-union-para-el-respeto-y-la-promoci-n-del-trabajo-digno-y-los-derechos-laborales-2009	1.0	1.0	1.0	3.0	1.47
acuerdo-mundial-iuf--uita-melia-hotels-international-s-a	1.0	1.0	1.0	2.0	1.17
convenio-colectivo-banco-de-espa-a-2016-2017	1.0	1.44	1.0	1.0	1.0
convenio-colectivo-de-la-empresa-burger-king-spain-s-l-u-2017---2020	1.8	1.89	5.0	2.0	2.9
convenio-colectivo-marco-para-los-establecimientos-financieros-de-cr-dito-2017-2018	1.8	1.44	5.0	2.0	2.76
xviii-convenio-colectivo-nacional-de-empresas-de-ingenier-a-y-oficinas-de-estudios-t-cnicos-2014-2017	1.0	1.44	5.0	2.0	2.52
convenio-colectivo-del-grupo-axa-2017-2020	2.6	2.78	5.0	3.0	3.72
ii-convenio-colectivo-de-mbito-estatal-del-sector-de-contact-center-2017---2019	2.6	3.22	5.0	2.0	3.55
vi-convenio-colectivo-estatal-de-empresas-de-trabajo-temporal-2011-2020	1.8	2.78	5.0	2.0	3.17
convenio-marco-estatal-para-las-empresas-organizadoras-del-juego-del-bingo-2017-2018-2019	1.0	2.78	5.0	1.0	2.62
ii-convenio-colectivo-nacional-de-servicios-de-prevenci-n-ajenos-2017---2018	1.8	2.33	5.0	3.0	3.34
convenio-colectivo-de-grandes-almacenes-2017-2020	1.8	2.78	5.0	3.0	3.47
convenio-colectivo-nacional-del-ciclo-de-comercio-del-papel-y-artes-gr-ficas-2009-2012	1.0	4.11	5.0	3.0	3.64
convenio-colectivo-general-de-mbito-estatal-para-las-entidades-de-seguros-reaseguros-y-mutuas-colaboradoras-con-la-seguridad-social-a-os-2016-a-2019	1.8	3.22	5.0	3.0	3.61
xxi-convenio-colectivo-para-las-sociedades-cooperativas-de-cr-dito-2015---2018	1.0	2.78	5.0	2.0	2.93
convenio-colectivo-para-las-cajas-y-entidades-financieras-de-ahorro-2018	1.0	2.33	5.0	2.0	2.79
xxi-convenio-colectivo-de-autoescuelas-2008---2009	1.0	1.0	1.0	2.0	1.17
convenio-colectivo-laboral-del-comercio-de-muebles-de-la-comunidad-de-madrid-2014---2017	1.0	1.89	5.0	3.0	2.96
xi-convenio-colectivo-de-mbito-estatal-de-centros-de-asistencia-y-educaci-n-infantil-2010---2013	1.0	1.89	1.0	2.0	1.44
iv-convenio-colectivo-de-la-asociaci-n-aldeas-infantiles-sos-de-espa-a-2008---2011	1.0	2.78	5.0	2.0	2.93
convenio-colectivo-del-comercio-vario-de-la-comunidad-de-madrid-para-el-a-o-2015-2016-y-2017	1.8	2.33	5.0	3.0	3.34
convenio-colectivo-del-sector-de-comercio-textil-de-la-comunidad-aut-noma-de-madrid-suscrito-por-acotex-acitex-cc-oo-y-ugt-2016---2017	1.0	3.22	5.0	3.0	3.36
convenio-colectivo-de-hosteleria-de-bizkaia-a-os-2018-2020	1.0	1.0	1.0	2.0	1.17
primer-convenio-colectivo-del-personal-docente-e-investigador-con-contrato-laboral-de-las-universidades-p-blicas-de-andaluc-a-2008---2009	1.0	2.33	1.0	2.0	1.57
convenio-colectivo-de-oficinas-y-despachos-de-la-comunidad-de-madrid-2013---2017	1.0	1.89	5.0	2.0	2.66
convenio-colectivo-propio-acciona-multiservicios-sa-2013---2014	1.8	1.89	5.0	2.0	2.9
convenio-colectivo-de-la-empresa-iss-facility-services-s-a-servicios-auxiliares-y-sus-trabajadores-2014---2016	1.8	2.78	5.0	3.0	3.47
viii-convenio-colectivo-sectorial-de-mbito-estatal-de-las-administraciones-de-loter-as-2019	1.8	4.11	5.0	3.0	3.88
convenio-colectivo-de-la-empresa-electro-depot-espa-a-s-l-u-2019-2021	1.8	1.44	5.0	2.0	2.76
convenio-colectivo-nico-mahou-s-a-2019-2023	1.0	1.44	5.0	2.0	2.52
ii-convenio-colectivo-de-oficinas-corporativas-del-grupo-siemens-gamesa-renewable-energy-2019---2020	2.6	1.44	5.0	2.0	3.01
acta-de-acuerdo-de-la-comisi-n-negociadora-relativa-al-i-acuerdo-marco-de-adaptaci-n-y-mejora-del-xix-convenio-general-de-la-industria-qu-mica-para-ercros-s-a-2019-	1.0	1.89	5.0	2.0	2.66
ii-convenio-colectivo-grupo-renfe-2019	1.0	1.0	1.0	2.0	1.17
convenio-colectivo-de-la-empresa-frit-ravich-s-l-2018---2019	1.0	2.33	5.0	2.0	2.79
texto-del-xi-convenio-colectivo-de-red-el-ctrica-de-espa-a-s-a-u-2019---2021	1.0	2.33	1.0	2.0	1.57
convenio-colectivo-del-grupo-champion-supermercados-champion-s-a-y-grup-supeco-maxor-s-l-2019---2021	1.8	2.78	5.0	3.0	3.47
convenio-colectivo-de-trabajo-de-las-empresas-zurich-insurance-plc-sucursal-en-espa-a-zurich-vida-compa-a-de-seguros-y-reaseguros-s-a-sociedad-unipersonal-zurich-services-aie-2018-2020	1.0	2.78	5.0	2.0	2.93
v-convenio-colectivo-de-retevisi-n-i-s-a-u-2018---2020	1.0	2.33	5.0	2.0	2.79
convenio-mapfre-grupo-asegurador-2018-2021	1.0	1.89	1.0	3.0	1.74
xvii-convenio-colectivo-de-europcar-ib-s-a-para-los-a-os-2019-2020-y-2021	1.0	1.44	5.0	2.0	2.52
convenio-colectivo-del-grupo-de-empresas-mercadona-s-a-y-forns-valencians-forva-s-a-unipersonal-2019---2023	1.0	2.33	5.0	3.0	3.09
convenio-colectivo-de-la-empresa-olan-sa-2018---2021	1.0	1.0	1.0	2.0	1.17
vii-convenio-colectivo-del-hotel-crowne-plaza-barcelona-fira-center-para-los-a-os-2019-2021	1.8	1.44	5.0	1.0	2.46
convenio-colectivo-de-trabajo-de-la-empresa-radio-salud-sa-para-los-a-os-2019-2021	1.0	1.0	5.0	1.0	2.08
sexto-acuerdo-marco-del-grupo-arcelormittal-en-espana-2016---2018	1.8	2.33	5.0	2.0	3.03
convenio-colectivo-entre-grupo-santander-consumer-finance-espa-a-y-las-representaciones-sindicales-de-ccoo-y-ugt-para-los-a-os-2015-2016-2017-y-2018	1.0	1.0	1.0	2.0	1.17
ii-convenio-colectivo-estatal-del-personal-de-estructura-del-grupo-mercantil-iss-2016-2018	1.0	2.33	5.0	2.0	2.79
convenio-colectivo-entre-las-empresas-de-grupo-santander-relacionadas-en-el-art-culo-1-1-y-la-representaci-n-sindical-de-ccoo-para-los-a-os-2019-2020-2021-y-2022	1.0	1.0	1.0	2.0	1.17
vi-convenio-colectivo-de-telef-nica-servicios-audiovisuales-s-a-u-2017---2018	1.0	1.89	5.0	2.0	2.66
convenio-colectivo-de-la-industria-y-el-comercio-de-la-vid-a-os-2019-2020-2021	1.8	2.78	5.0	2.0	3.17
convenio-colectivo-pasticore-s-l-2019---2024	1.0	1.44	1.0	2.0	1.3
iv-convenio-colectivo-estatal-de-instalaciones-deportivas-y-gimnasios-2018---2019	1.0	1.89	5.0	2.0	2.66
convenio-colectivo-de-manipulado-y-envasado-de-la-empresa-agronostrum-s-l-2019---2023	1.0	1.44	5.0	1.0	2.22
convenio-colectivo-para-la-empresa-servicios-agrotur-sticos-riscal-sl-2019	1.0	1.89	5.0	2.0	2.66
ii-convenio-colectivo-del-grupo-de-empresas-tastia-group-2019---2022	1.0	2.33	5.0	2.0	2.79
convenio-colectivo-de-blasdo-infraestructuras-s-l-2020---2023	1.0	2.78	5.0	3.0	3.23
convenio-colectivo-de-bab-y-c-a-s-l-2019	1.0	1.44	1.0	1.0	1.0
ix-convenio-colectivo-de-lufthansa-cargo-ag-2019-2020	2.6	2.33	5.0	3.0	3.58
convenio-colectivo-del-sector-comercio-del-mueble-de-zaragoza-2019---2021	1.0	2.78	5.0	2.0	2.93
convenio-colectivo-de-spanish-intoplane-services-s-l-u-sis-2018-2020	1.0	1.44	5.0	2.0	2.52
kolektivni-ugovor-ugostiteljstva-pro-i-eni-tekst---2015	1.0	1.44	5.0	2.0	2.52
hrvatski-sindikat-telekomunikacija-kolektivni-ugovor-2016---2017	3.4	1.89	5.0	2.0	3.39
kolektivni-ugovor-konzum-d-d-2012---2017	1.0	1.44	5.0	2.0	2.52
kolektivni-ugovor-phoenix-farmacija-d-o-o-2016---2020	1.0	1.44	5.0	1.0	2.22
kolektivni-ugovor-tisak-ca-2015	1.0	1.0	5.0	2.0	2.39
contractul-colectiv-de-munca-la-nivelul-ramuri-i-comert-pe-anul-2010	1.0	2.78	5.0	3.0	3.23
tesco-partnership-agreement-with-usdaw---2016	1.8	1.44	5.0	2.0	2.76
recognition-and-procedural-agreement-ikea-uk-limited-and-the-union-of-shop-distributive-and-allied-workers-usdaw---2008	2.6	2.33	5.0	1.0	2.97
national-recognition-and-procedural-agreement-between-poundland-limited-distribution-and-union-of-shop-distributive-and-allied-workers---2014	1.8	2.33	1.0	2.0	1.82
national-recognition-and-procedural-agreement-between-poundland-limited-retail-and-union-of-shop-distributive-and-allied-workers---2013	2.6	2.78	5.0	2.0	3.41
agreement-between-argos-and-union-of-shop-distributive-and-allied-workers-usdaw---2015	2.6	2.33	5.0	2.0	3.28
morrisons-retail-usdaw-and-sata---2013	3.4	1.44	5.0	2.0	3.25
sainsburys---2001	2.6	1.44	5.0	2.0	3.01
cao-glastuinbouw---2014	2.6	1.44	5.0	3.0	3.31
collectieve-arbeidsovereenkomst-voor-de-technische-groothandel-2014	1.0	1.44	1.0	1.0	1.0
collectieve-arbeidsovereenkomst-albert-heijn-2014	1.8	2.33	5.0	2.0	3.03
cao-ikea-2014-2016	1.0	1.44	1.0	2.0	1.3
cao-supermarkt-levensmiddelen-2013-2017-	1.0	1.89	1.0	2.0	1.44
cao-doe-het-zelfbranche-2016-2017	1.8	1.44	5.0	2.0	2.76
cao-grootwinkelbedrijven-in-levensmiddelen-vgl-2013-2017	1.0	1.89	1.0	2.0	1.44
cao-grootwinkelbedrijf-in-textiel-vgt-2015-2016	1.0	1.0	5.0	1.0	2.08
cao-doe-het-zelfbranche-2017-2020	1.8	1.44	5.0	2.0	2.76
cao-dnb-2018-2019	2.6	1.44	5.0	2.0	3.01
msd-2019	1.0	1.44	5.0	1.0	2.22
cao-houtverwerkende-industrie-2019-2020	1.0	1.0	1.0	2.0	1.17
cao-bitumineuze-en-kunststof-dakbedekkingsbedrijven-2019-2020	1.0	2.33	5.0	2.0	2.79
cao-verzekeringsbedrijf-binnendienst-2018-2019	1.0	1.89	5.0	1.0	2.35
cao-verzekeringsbedrijf-buitendienst-2018-2019	1.0	1.89	5.0	1.0	2.35
recreatie-2019-2020	1.0	1.44	5.0	1.0	2.22
cao-meubelindustrie-en-meubileringsbedrijven-2018-2019	1.0	1.44	1.0	2.0	1.3
cao-metalektro-basis-2018-2020	1.0	2.78	1.0	3.0	2.01
cao-metalektro-hp-2018-2020	1.0	1.44	1.0	2.0	1.3
cao-sanquin-2017-2019	1.8	2.33	5.0	1.0	2.73
cao-slagersbedrijf-2019	1.0	1.44	1.0	1.0	1.0
cao-abu-2019-2021	1.0	1.89	1.0	2.0	1.44
cao-uitzend-nbbu-2019-2021	1.0	1.0	1.0	2.0	1.17
cao-voor-de-groothandel-in-groenten-en-fruit-2019-2020	1.0	1.44	1.0	1.0	1.0
cao-particuliere-beveiliging-	1.0	1.0	1.0	2.0	1.17
cao-heineken-group-b-v-2018-2019	2.6	2.33	5.0	2.0	3.28
cao-heineken-netherlands-beheer-b-v-	1.8	1.89	1.0	1.0	1.38
cao-metaal-en-techniek-2019-2021	1.0	1.44	1.0	1.0	1.0
cao-openbaar-vervoer-2018-2020-	1.8	2.78	1.0	1.0	1.65
cao-kinderopvang-2018-2019	1.0	1.89	5.0	2.0	2.66
aca---associacao-comercial-do-distrito-de-aveiro---2014	1.0	1.89	1.0	2.0	1.44
contrato-coletivo-entre-a-associa-o-nacional-de-comerciantes-e-industriais-de-produtos-alimentares-ancipa-e-a-federa-o-dos-sindicatos-da-ind-stria-e-servi-os---fetese-confeitaria-e-conserva-o-de-fruta---administrativos---2016	1.0	1.89	1.0	2.0	1.44
contrato-coletivo-entre-a-associa-o-dos-distribui-dores-de-produtos-alimentares-adipa-e-outras-e-o-sindicato-dos-trabalhadores-e-t-cnicos-de-servi-os---sitese---2016	1.0	1.89	1.0	2.0	1.44
associa-o-dos-comer-ciantes-do-porto-2014	1.0	1.44	1.0	1.0	1.0
institui-es-de-cr-dito-e-febase	1.0	1.89	1.0	2.0	1.44
acordo-coletivo-entre-as-guas-do-norte-sa-e-outras-e-o-stal---sindicato-nacional-dos-trabalhadores-da-administra-o-local-e-regional-empresas-p-blicas-concession-rias-e-afins-e-outra	1.0	3.22	5.0	3.0	3.36
brisa---auto-estradas-de-portugal-sa-e-outras-e-o-sindicato-da-constru-o-obras-p-blicas-e-servi-os---setaccop	1.0	1.89	1.0	2.0	1.44
acordo-coletivo-entre-a-bp-portugal---com-rcio-de-combust-veis-e-lubrificantes-sa-e-outras-e-a-federa-o-de-sindicatos-da-ind-stria-energia-e-transportes---cofesint-e-outra---revis-o-global	1.0	2.33	1.0	1.0	1.27
act-entre-a-cimianto-soc-t-cnica-hidr-ulica-s-a-e-outra-e-a-fetese-feder-dos-sind-dos-trabalhadores-de-servi-os-e-outros-revis-o-global-2005	1.0	1.44	1.0	1.0	1.0
acordo-de-empresa-entre-a-easyjet-airline-company-limited---sucursal-em-portugal-e-o-sindicato-nacional-do-pessoal-de-voo-da-avia-o-civil---snpvac---revis-o-global-2019	2.6	1.89	5.0	3.0	3.45
acordo-coletivo-entre-a-infraestruturas-de-portugal-sa-e-outras-e-o-sindicato-nacional-dos-trabalhadores-do-sector-ferrovi-rio-e-outros---revis-o-global-2019	4.2	2.78	1.0	1.0	2.38
acordo-coletivo-entre-a-meo---servi-os-de-comunica-es-e-multim-dia-sa-e-outras-e-o-sindicato-nacional-dos-trabalhadores-das-telecomunica-es-e-audiovisual---sinttav-e-outros---revis-o-global-2018	1.0	1.89	5.0	2.0	2.66
acordo-de-empresa-entre-a-petrogal-sa-e-a-federa-o-de-sindicatos-da-ind-stria-energia-e-transportes---cofesint-e-outros---revis-o-global-2019	3.4	2.78	1.0	2.0	2.44
act-entre-a-sociedade-de-panifica-o-sul-do-tejo-l-da-e-outras-e-a-fesaht-federa-o-dos-sindicatos-de-agricultura-alimenta-o-bebidas-hotelaria-e-turismo-de-portugal-revis-o-global-2010	1.8	3.22	5.0	2.0	3.3
acordo-colectivo-entre-a-pt-comunica-es-s-a-e-outras-e-o-sindetelco-sindicato-democr-tico-das-comunica-es-e-dos-m-dia-e-outros-revis-o-global-2011	1.0	2.33	5.0	2.0	2.79
commerce-de-detail-accord-sectoriel-2015-2016	1.0	1.44	1.0	1.0	1.0
commission-paritaire-des-employes-du-commerce-de-detail-alimentaire-accord-sectoriel-2017-2018	1.0	1.44	1.0	1.0	1.0
commission-paritaire-des-grandes-entreprises-de-vente-au-d-tail-accord-sectoriel-2017-2018	1.0	1.44	1.0	1.0	1.0
kolektivn-smlouvu-vy-ho-stupn-mezi-odborov-m-svazem-pracovn-k-obchodu-a-svazem-obchodu-a-cestovn-ho-ruchu-r_2015-2016	1.0	1.0	1.0	2.0	1.17
kolektivn-smlouva-mezi-spole-nost-billa-spol-s-r-o-a-z-kladn-odborovou-organizac-odborov-ho-svazu-pracovn-k-obchodu-a-odborov-m-svazem-pracovn-k-zem-d-lstv-a-v-ivy---asociace-svobodn-ch-odbor-r-p-sob-c-ch-u-obchodn-spole-nosti-billa_2016-2017	1.8	1.0	5.0	3.0	2.93
kolektivn-smlouva-mezi-spole-nost-penny-market-s-r-o-a-z-kladn-odborovou-organizac-odborov-ho-svazu-pracovn-k-zem-d-lstv-a-v-ivy---asociace-svobodn-ch-odbor-r-a-z-kladn-odborovou-organizac-odborov-ho-svazu-pracovn-k-obchodu_2016	1.0	1.89	1.0	2.0	1.44
kolektivna-zmuva---coop---8-1-2014	1.8	1.0	1.0	3.0	1.72
cba_slovakia_zocr_ozpocr	1.0	1.44	1.0	3.0	1.61
collective-bargaining-agreement-between-the-construction-industry-federation-of-zimbabwe-and-the-zimbabwe-building-contractors-association-and-the-zimbabwe-construction-and-allied-trades-workers-union---2012	1.0	1.89	5.0	2.0	2.66
kaupan-ty-ehtosopimus-ja-palkkaliite-2014---2017	1.0	1.44	1.0	2.0	1.3
convention-collective-nationale-du-commerce-de-d-tail-et-de-gros-pr-dominance-alimentaire-du-12-juillet-2001-etendue-par-arr-t-du-26-juillet-2002-jorf-6-ao-t-2002-	2.6	5.0	5.0	5.0	5.0
convention-collective-nationale-des-commerces-de-d-tail-non-alimentaires-antiquit-s-brocante-galeries-d-art-oeuvres-d-art-arts-de-la-table-coutellerie-droguerie-quipement-du-foyer-bazars-commerces-m-nagers-mod-lisme-jeux-jouets-pu-rinatalit-et-maroquinerie-du-9-mai-2012-avenant-du-9-mai-2012-	1.0	3.22	5.0	3.0	3.36
convention-collective-nationale-des-employ-s-et-agents-de-ma-trise-des-commerces-de-quincaillerie-fournitures-industrielles-fers-m-taux-et-quipement-de-la-maison-etendue-par-arr-t-du-29-avril-1986-jorf-1er-juin-1986-	1.0	2.78	1.0	3.0	2.01
convention-collective-nationale-du-commerce-de-d-tail-de-l-habillement-et-des-articles-textiles-du-25-novembre-1987-r-vis-par-avenant-du-17-juin-2004	1.0	2.78	1.0	3.0	2.01
convention-collective-nationale-de-la-librairie-du-24-mars-2011	1.0	2.33	1.0	3.0	1.88
convention-collective-nationale-des-entreprises-de-vente-distance-du-6-f-vrier-2001	1.0	2.78	1.0	3.0	2.01
convention-collective-nationale-de-la-charcuterie-de-d-tail-du-4-avril-2007	1.0	2.78	5.0	3.0	3.23
convention-collective-nationale-de-commerces-de-gros-du-23-juin-1970-etendue-par-arr-t-du-15-juin-1972-jonc-29-ao-t-1972-mise-jour-par-accord-du-27-septembre-1984-tendu-par-arr-t-du-4-f-vrier-1985-jorf-16-f-vrier-1985-	1.0	2.33	1.0	3.0	1.88
tarifvertr-ge-gro---und-au-enhandel-nordrhein-westfalen	1.0	2.33	1.0	2.0	1.57
verbale-incontro-rinnovo-contratto-collettivo-aziendale-ikea---2015	1.8	1.44	1.0	2.0	1.55
ipotesi-contratto-integrativo-eataly-2015-	1.0	1.44	1.0	1.0	1.0
contratto-collettivo-nazionale-di-lavoro-commercio-2015---2017	5.0	3.67	5.0	2.0	4.41
ipotesi-di-accordo-tra-gs-spa-ssc-srl-diperd-srl-carrefour-property-srl-carrefour-italia-finance-srl-carrefour-banque-sa-e-filcams-cgil-fisascat-cisl-uiltus-uil-2016	4.2	2.78	5.0	1.0	3.59
ipotesi-di-accordo-tra-autogrill-s-p-a-e-le-segreterie-nazionali-delle-oo-ss-di-filcams-cgil-fisascat-cisl-e-uiltucs-uil-2015	1.8	2.33	5.0	2.0	3.03
ipotesi-di-accordo-comifar-distribuzione-s-p-a-2015---2018-	1.0	1.89	1.0	1.0	1.14
ccnl-dipendenti-dalle-aziende-metalmeccaniche-e-della-installazione-di-impianti-2019-	1.0	4.11	5.0	1.0	3.03
ccnl-aninsei-per-il-personale-della-scuola-non-statale-2018-	1.0	1.44	1.0	1.0	1.0
ccnl-dipendenti-agenzie-di-assicurazione-in-gestione-libera-2020-	1.0	2.33	5.0	1.0	2.49
ccnl-dipendenti-degli-studi-professionali-2018-	1.8	1.44	1.0	1.0	1.24
ccnl-dipendenti-delle-ambasciate-consolati-legazioni-istituti-culturali-ed-organismi-internazionali-in-italia-2019-	1.0	1.89	1.0	2.0	1.44
ccnl-dipendenti-di-imprese-e-societ-esercenti-servizi-ambientali-2019-	1.0	4.11	5.0	3.0	3.64
ccnl-personale-del-comparto-funzioni-locali-2018-	1.0	1.44	1.0	1.0	1.0
ccnl-personale-dipendente-dagli-istituti-scolastico-educativi-gestiti-da-enti-ecclesiastici-agidae-2018-	1.0	3.22	1.0	3.0	2.15
ccnl-addetti-degli-impianti-di-trasporto-a-fune-2022-	1.8	3.22	5.0	2.0	3.3
ccnl-area-tessile-moda-chimica-ceramica---2018	1.0	2.78	5.0	2.0	2.93
ccnl-aziende-esercenti-lavorazione-commercio-trasporto-esportazione-e-importazione-all-ingrosso-di-fiori-freschi-recisi-verde-e-piante-ornamentali-per-imprese-commerciali-consortili-o-cooperative-e-g-e-i-e-2018	1.8	3.22	5.0	2.0	3.3
ccnl-dipendenti-aziende-di-lavorazione-della-foglia-di-tabacco-secco-allo-stato-sciolto-2017-2020	1.0	3.22	1.0	2.0	1.84
ccnl-dipendenti-dagli-esercizi-cinematografici-e-cinema-teatrali-2017-2019	1.0	1.89	5.0	1.0	2.35
ccnl-dipendenti-degli-istituti-per-il-sostentamento-del-clero-2017-2019	1.8	2.78	1.0	2.0	1.95
ccnl-dipendenti-imprese-artigiane-di-noleggio-autobus-con-conducente-e-relative-attivit-correlate-2019-2020	1.0	3.22	5.0	3.0	3.36
ccnl-per-gli-operai-agricoli-e-florovivaisti-2018-2021	3.4	3.67	5.0	2.0	3.93
ccnl-personale-dipendente-settore-assistenziale-socio-sanitario-e-cure-post-intensive-2017-2019	1.0	3.67	5.0	1.0	2.89
ccnl-settore-gas-e-acqua-2016-2018	1.0	4.11	5.0	2.0	3.33
ccnl-quadri-e-impiegati-agricoli-2016-2019	1.0	2.33	1.0	1.0	1.27
cnnl-personale-dipendente-agenzie-marittime-e-mediatori-marittimi-2018-2020	1.0	2.78	5.0	1.0	2.62
ccnl-dipendenti-aziende-videofonografiche-2014-2016	1.0	3.22	5.0	2.0	3.06
ccnl-servizi-ambientali-2016-2019	1.0	3.67	5.0	3.0	3.5
ccnl-quadri-e-impiegati-aziende-gruppo-invitalia-2017-2019	1.0	2.33	1.0	2.0	1.57
ccnl-universit-pontificie-e-facolt-ecclesiastiche-2017-2020	1.0	2.33	1.0	1.0	1.27
ccnl-lavoratori-dipendenti-imprese-attivit-agromeccaniche-2018-2020	2.6	2.78	5.0	2.0	3.41
ccnl-agenzie-di-somministrazione-di-lavoro-2019-2021	1.0	2.78	1.0	2.0	1.71
ccnl-lavoratori-cooperative-esercenti-attivit-settore-taxi-radio-taxi-e-settori-strumentali-e-collaterali-al-trasporto-pubblico-locale-non-di-linea-2015-2019	1.0	1.89	1.0	2.0	1.44
ccnl-lavoratori-dei-porti-2016-2018	1.0	2.78	5.0	1.0	2.62
ccnl-addetti-all-industria-dell-energia-e-del-petrolio-2016-2018	1.0	2.78	5.0	2.0	2.93
-ccnl-dipendenti-aziende-esercenti-produzione-cemento-calce-e-suoi-derivati-gesso-e-relativi-manufatti-2016-2018-	1.0	1.89	5.0	1.0	2.35
ccnl-dipendenti-da-aziende-dei-settori-pubblici-esercizi-ristorazione-collettiva-e-commerciale-e-turismo-2018-2021	4.2	3.67	5.0	1.0	3.86
ccnl-dipendenti-dai-consorzi-di-bonifica-e-di-miglioramento-fondiario-2015-2018	3.4	3.67	5.0	2.0	3.93
ccnl-dipendenti-da-istituti-e-imprese-di-vigilanza-privata-e-servizi-fiduciari-2013-2015	1.0	1.44	1.0	1.0	1.0
ccnl-industria-della-carta-e-cartone-cellulosa-pasta-legno-fibra-vulcanizzata-aziende-cartotecniche-e-trasformatrici-della-carta-2017-2019	2.6	3.22	5.0	2.0	3.55
ccnl-istituti-e-imprese-vigilanza-privata-e-servizi-fiduciari-assicurezza	1.0	1.89	1.0	2.0	1.44
ccnl-personale-non-dirigente-coni-servizi-spa-e-federazioni-sportive-nazionali-2015-2017	3.4	3.67	5.0	1.0	3.62
ccnl-personale-impiegatizio-e-quadro-agenzia-demanio-ente-pubblico-economico-2016-2018	2.6	3.22	5.0	3.0	3.85
ccnl-personale-fondazioni-2016-2018	1.0	1.89	5.0	1.0	2.35
ccnl-personale-anpas-e-realt-operanti-ambito-sociosanitario-assistenziale-educativo-delle-pubbliche-assistenze-2017-2019	1.0	3.22	5.0	1.0	2.76
ccnl-dipendenti-avis-2010---2012	1.0	1.89	1.0	2.0	1.44
ccnl-consorzi-ed-enti-di-sviluppo-industriale-2019---2021	2.6	3.67	5.0	2.0	3.68
kollektivavtal-mellan-a-ena-sidan-svensk-handel-och-a-andra-sidan-handelsanst-lldas-f-rbund-avseende-lagerpersonal-vid-postorder-och-e-handelsf-retag-2016-17	1.0	1.44	1.0	2.0	1.3
kollektivavtal-mellan-a-ena-sidan-svensk-handel-och-a-andra-sidan-handelsanstalldas-forbund-avseende-lagerpersonaloch-chaufforer-inom-partihandeln-2016-17	1.0	1.44	1.0	2.0	1.3
kollektivavtal-mellan-a-ena-sidan-svensk-handel-och-a-andra-sidan-handelsanstalldas-forbund-avseende-no-2016-17	1.0	1.44	1.0	2.0	1.3
avtal-mellan-svensk-handel-och-handelsanst-lldas-f-rbund-detaljhandel---1-april-2017-31-mars-2020	1.0	1.0	1.0	3.0	1.47
avtal-mellan-svensk-handel-och-handelsanst-lldas-f-rbund-1-april-2017-31-december-2019	1.0	1.0	1.0	3.0	1.47
kollektivavtal-mellan-ena-sidan-svensk-handel-och-andra-sidan-handelsanst-lldas-f-rbund-avseende-lager-och-e-handel	1.0	1.0	1.0	3.0	1.47
kollektivvertrag-f-r-die-angestellten-in-tabaktrafiken-2016	1.0	1.44	1.0	3.0	1.61
kv-angestellte-und-lehrlinge-in-handelsbetrieb-at-2016	1.0	1.44	1.0	1.0	1.0
kv-angestellte-in-pharmazeutischen-gro-handel-at-2016	1.0	1.44	1.0	1.0	1.0
kv_vida-wk-_2020	1.0	1.44	1.0	1.0	1.0
ftehim-kollettiv-bejn-quintano-foods-ltd-u-it--taqsima-ospitalit-u-ikel-tal-general-workers-union-2017-2019-	1.0	1.44	1.0	2.0	1.3
ftehim-kollettiv-bejn-simonds-farsons-cisk-plc-u-t-taqsima-ospitalit-u-ikel-tal-general-workers-union-01-01-2014---31-12-2018	1.0	1.44	1.0	2.0	1.3
overenskomst-sfu_sbl_hk_2014-2017	1.0	1.44	1.0	3.0	1.61
overenskomst-ba_sbl_hk	1.0	1.44	1.0	3.0	1.61
vvs-overenskomsterne_2014-2017	1.0	1.44	1.0	2.0	1.3
recognition-and-procedural-agreement-between-cbi-low-voltage---lesotho-and-factory-workers-union-fawu-	1.0	1.0	1.0	2.0	1.17
ccnl-dipendenti-delle-aziende-societ-ed-enti-pubblici-economici-aderenti-a-federcasa-2016-2018	1.8	3.67	5.0	2.0	3.44
cao-bakkersbedrijf-2019-2020	1.8	1.89	1.0	1.0	1.38
